"Platform","ReaderName","FileName","Slug","AffiliateUrl","Status","DestinationUrl"
"kasamba","","psychic-simmi-kasamba-review.md","kasamba-simmi","/go/kasamba-simmi/","DEEP_LINK_OK","https://bargestech.go2cloud.org/aff_c?offer_id=191&aff_id=2326&url=https%3A%2F%2Fwww.kasamba.com%2Fpsychic%2Fpsychic-simmi%2F%3Fclickid%3D{transaction_id}%26utm_content%3Dsubid2%26utm_medium%3Daffiliation_tune%26utm_source%3D{affiliate_id}-{affiliate_name}"
"kasamba","","psychic-yazmin-kasamba-review.md","kasamba-yazmin","/go/kasamba-yazmin/","DEEP_LINK_OK","https://bargestech.go2cloud.org/aff_c?offer_id=191&aff_id=2326&url=https%3A%2F%2Fwww.kasamba.com%2Fpsychic%2Fpsychic-yazmin%2F%3Fclickid%3D{transaction_id}%26utm_content%3Dsubid2%26utm_medium%3Daffiliation_tune%26utm_source%3D{affiliate_id}-{affiliate_name}"
"kasamba","","psychic-satire-kasamba-review.md","kasamba-satire","/go/kasamba-satire/","DEEP_LINK_OK","https://bargestech.go2cloud.org/aff_c?offer_id=191&aff_id=2326&url=https%3A%2F%2Fwww.kasamba.com%2Fpsychic%2Fpsychic-satire%2F%3Fclickid%3D{transaction_id}%26utm_content%3Dsubid2%26utm_medium%3Daffiliation_tune%26utm_source%3D{affiliate_id}-{affiliate_name}"
"kasamba","","master-enigma-kasamba-review.md","kasamba-master-enigma","/go/kasamba-master-enigma/","DEEP_LINK_OK","https://bargestech.go2cloud.org/aff_c?offer_id=191&aff_id=2326&url=https%3A%2F%2Fwww.kasamba.com%2Fpsychic%2Fmaster-enigma%2F%3Fclickid%3D{transaction_id}%26utm_content%3Dsubid2%26utm_medium%3Daffiliation_tune%26utm_source%3D{affiliate_id}-{affiliate_name}"
"kasamba","","psychic-safina-kasamba-review.md","kasamba-safina","/go/kasamba-safina/","DEEP_LINK_OK","https://bargestech.go2cloud.org/aff_c?offer_id=191&aff_id=2326&url=https%3A%2F%2Fwww.kasamba.com%2Fpsychic%2Fpsychic-safina%2F%3Fclickid%3D{transaction_id}%26utm_content%3Dsubid2%26utm_medium%3Daffiliation_tune%26utm_source%3D{affiliate_id}-{affiliate_name}"
"kasamba","","truthful-visions-kasamba-review.md","kasamba-truthful-visions","/go/kasamba-truthful-visions/","DEEP_LINK_OK","https://bargestech.go2cloud.org/aff_c?offer_id=191&aff_id=2326&url=https%3A%2F%2Fwww.kasamba.com%2Fpsychic%2Ftruthful-visions%2F%3Fclickid%3D{transaction_id}%26utm_content%3Dsubid2%26utm_medium%3Daffiliation_tune%26utm_source%3D{affiliate_id}-{affiliate_name}"
"kasamba","","wisdom-and-love-kasamba-review.md","kasamba-wisdom-and-love","/go/kasamba-wisdom-and-love/","DEEP_LINK_OK","https://bargestech.go2cloud.org/aff_c?offer_id=191&aff_id=2326&url=https%3A%2F%2Fwww.kasamba.com%2Fpsychic%2Fwisdom-and-love%2F%3Fclickid%3D{transaction_id}%26utm_content%3Dsubid2%26utm_medium%3Daffiliation_tune%26utm_source%3D{affiliate_id}-{affiliate_name}"
"kasamba","","sweet-spirit-of-love-kasamba-review.md","kasamba-sweet-spirit-of-love","/go/kasamba-sweet-spirit-of-love/","DEEP_LINK_OK","https://bargestech.go2cloud.org/aff_c?offer_id=191&aff_id=2326&url=https%3A%2F%2Fwww.kasamba.com%2Fpsychic%2Fsweet-spirit-of-love%2F%3Fclickid%3D{transaction_id}%26utm_content%3Dsubid2%26utm_medium%3Daffiliation_tune%26utm_source%3D{affiliate_id}-{affiliate_name}"
"kasamba","","seek-chelle-kasamba-review.md","kasamba-chelle","/go/kasamba-chelle/","DEEP_LINK_OK","https://bargestech.go2cloud.org/aff_c?offer_id=191&aff_id=2326&url=https%3A%2F%2Fwww.kasamba.com%2Fpsychic%2Fseek-chelle%2F%3Fclickid%3D{transaction_id}%26utm_content%3Dsubid2%26utm_medium%3Daffiliation_tune%26utm_source%3D{affiliate_id}-{affiliate_name}"
"kasamba","","supernormal-soul-kasamba-review.md","kasamba-supernormal-soul","/go/kasamba-supernormal-soul/","DEEP_LINK_OK","https://bargestech.go2cloud.org/aff_c?offer_id=191&aff_id=2326&url=https%3A%2F%2Fwww.kasamba.com%2Fpsychic%2Fsupernormal-soul%2F%3Fclickid%3D{transaction_id}%26utm_content%3Dsubid2%26utm_medium%3Daffiliation_tune%26utm_source%3D{affiliate_id}-{affiliate_name}"
"kasamba","","danielle-psychic-kasamba-review.md","kasamba-danielle","/go/kasamba-danielle/","DEEP_LINK_OK","https://bargestech.go2cloud.org/aff_c?offer_id=191&aff_id=2326&url=https%3A%2F%2Fwww.kasamba.com%2Fpsychic%2Fdanielle-psychic%2F%3Fclickid%3D{transaction_id}%26utm_content%3Dsubid2%26utm_medium%3Daffiliation_tune%26utm_source%3D{affiliate_id}-{affiliate_name}"
"kasamba","","david-james-kasamba-review.md","kasamba-david-james","/go/kasamba-david-james/","DEEP_LINK_OK","https://bargestech.go2cloud.org/aff_c?offer_id=191&aff_id=2326&url=https%3A%2F%2Fwww.kasamba.com%2Fpsychic%2Fdavid-james-psychic-wisdom%2F%3Fclickid%3D{transaction_id}%26utm_content%3Dsubid2%26utm_medium%3Daffiliation_tune%26utm_source%3D{affiliate_id}-{affiliate_name}"
"kasamba","","cosmic-fusion-kasamba-review.md","kasamba-cosmic-fusion","/go/kasamba-cosmic-fusion/","DEEP_LINK_OK","https://www.kasamba.com/psychic/cosmic-fusion/?clickid=102b55f2f04dc52adadd25246fa234&utm_content=subid2&utm_medium=affiliation_tune&utm_source=2326-huanchao+wang"
"kasamba","","advisor-by-jenny-kasamba-review.md","kasamba-jenny","/go/kasamba-jenny/","DEEP_LINK_OK","https://bargestech.go2cloud.org/aff_c?offer_id=191&aff_id=2326&url=https%3A%2F%2Fwww.kasamba.com%2Fpsychic%2Fadvisor-by-jenny%2F%3Fclickid%3D{transaction_id}%26utm_content%3Dsubid2%26utm_medium%3Daffiliation_tune%26utm_source%3D{affiliate_id}-{affiliate_name}"
"kasamba","","ask-cristina-kasamba-review.md","kasamba-cristina","/go/kasamba-cristina/","DEEP_LINK_OK","https://bargestech.go2cloud.org/aff_c?offer_id=191&aff_id=2326&url=https%3A%2F%2Fwww.kasamba.com%2Fpsychic%2Fask-cristina%2F%3Fclickid%3D{transaction_id}%26utm_content%3Dsubid2%26utm_medium%3Daffiliation_tune%26utm_source%3D{affiliate_id}-{affiliate_name}"
"kasamba","","invincible-insights-kasamba-review.md","kasamba-invincible-insights","/go/kasamba-invincible-insights/","DEEP_LINK_OK","https://bargestech.go2cloud.org/aff_c?offer_id=191&aff_id=2326&url=https%3A%2F%2Fwww.kasamba.com%2Fpsychic%2Finvincible-insights%2F%3Fclickid%3D{transaction_id}%26utm_content%3Dsubid2%26utm_medium%3Daffiliation_tune%26utm_source%3D{affiliate_id}-{affiliate_name}"
"kasamba","","love-stefans-psychic-soul-kasamba-review.md","kasamba-stefan","/go/kasamba-stefan/","DEEP_LINK_OK","https://bargestech.go2cloud.org/aff_c?offer_id=191&aff_id=2326&url=https%3A%2F%2Fwww.kasamba.com%2Fpsychic%2Flove-stefans-psychic-soul%2F%3Fclickid%3D{transaction_id}%26utm_content%3Dsubid2%26utm_medium%3Daffiliation_tune%26utm_source%3D{affiliate_id}-{affiliate_name}"
"kasamba","","immense-spark-n-au-kasamba-review.md","kasamba-immense-spark","/go/kasamba-immense-spark/","DEEP_LINK_OK","https://bargestech.go2cloud.org/aff_c?offer_id=191&aff_id=2326&url=https%3A%2F%2Fwww.kasamba.com%2Fpsychic%2Fimmense-spark-n-aura%2F%3Fclickid%3D{transaction_id}%26utm_content%3Dsubid2%26utm_medium%3Daffiliation_tune%26utm_source%3D{affiliate_id}-{affiliate_name}"
"kasamba","","elizabeth-kasamba-review.md","kasamba-elizabeth","/go/kasamba-elizabeth/","DEEP_LINK_OK","https://bargestech.go2cloud.org/aff_c?offer_id=191&aff_id=2326&url=https%3A%2F%2Fwww.kasamba.com%2Fpsychic%2Felizabeth%2F%3Fclickid%3D{transaction_id}%26utm_content%3Dsubid2%26utm_medium%3Daffiliation_tune%26utm_source%3D{affiliate_id}-{affiliate_name}"
"kasamba","","golden-eye-kasamba-review.md","kasamba-golden-eye","/go/kasamba-golden-eye/","DEEP_LINK_OK","https://bargestech.go2cloud.org/aff_c?offer_id=191&aff_id=2326&url=https%3A%2F%2Fwww.kasamba.com%2Fpsychic%2Fgolden-eye%2F%3Fclickid%3D{transaction_id}%26utm_content%3Dsubid2%26utm_medium%3Daffiliation_tune%26utm_source%3D{affiliate_id}-{affiliate_name}"
"keen","","mike-pace.md","keen-mike-pace","/go/keen-mike-pace/","DEEP_LINK_OK","https://bargestech.go2cloud.org/aff_c?offer_id=209&aff_id=2326&url=https%3A%2F%2Fwww.keen.com%2Fpsychic-readings%2Fmike-pace%2F1107663%3Ftid%3D8QOUJYM6%26partnereventid%3D{transaction_id}%26tune_offerid%3D{offer_id}%26utm_medium%3Daffiliation_tune%26utm_source%3D{affiliate_id}-{affiliate_name}"
"keen","","master-sher.md","keen-master-sher","/go/keen-master-sher/","DEEP_LINK_OK","https://bargestech.go2cloud.org/aff_c?offer_id=221&aff_id=2326&url=https%3A%2F%2Fwww.keen.com%2Fpsychic-readings%2Fmaster-sher%2F12468067%3Ftid%3D8QOUJYM6%26partnereventid%3D{transaction_id}%26tune_offerid%3D{offer_id}%26utm_medium%3Daffiliation_tune%26utm_source%3D{affiliate_id}-{affiliate_name}"
"keen","","mystic-raj-on-keen-review-2026.md","keen-raj","/go/keen-raj/","GENERIC_ONLY","https://bargestech.go2cloud.org/aff_c?offer_id=221&aff_id=2326"
"keen","","psychic-suzen-on-keen-review-2026.md","keen-suzen","/go/keen-suzen/","DEEP_LINK_OK","https://bargestech.go2cloud.org/aff_c?offer_id=221&aff_id=2326&url=https%3A%2F%2Fwww.keen.com%2Flife-path-advice%2Fpsychic-suzen%2F12453352%3Ftid%3D8QOUJYM6%26partnereventid%3D{transaction_id}%26tune_offerid%3D{offer_id}%26utm_medium%3Daffiliation_tune%26utm_source%3D{affiliate_id}-{affiliate_name}"
"keen","","psychic-jane-just-knows.md","keen-psychic-jane-just-knows","/go/keen-psychic-jane-just-knows/","DEEP_LINK_OK","https://bargestech.go2cloud.org/aff_c?offer_id=209&aff_id=2326&url=https%3A%2F%2Fwww.keen.com%2Flove-relationships%2Fpsychic-jane-just-knows%2F6859792%3Ftid%3D8QOUJYM6%26partnereventid%3D{transaction_id}%26tune_offerid%3D{offer_id}%26utm_medium%3Daffiliation_tune%26utm_source%3D{affiliate_id}-{affiliate_name}"
"keen","","master-psychic-dev.md","keen-master-psychic-dev","/go/keen-master-psychic-dev/","DEEP_LINK_OK","https://bargestech.go2cloud.org/aff_c?offer_id=209&aff_id=2326&url=http%3A%2F%2Fwww.keen.com%2Flove-relationships%2Fmaster-psychic-dev%2F10669544%3Ftid%3D8QOUJYM6%26partnereventid%3D{transaction_id}%26tune_offerid%3D{offer_id}%26utm_medium%3Daffiliation_tune%26utm_source%3D{affiliate_id}-{affiliate_name}"
"keen","","ladyfontaine.md","keen-ladyfontaine","/go/keen-ladyfontaine/","DEEP_LINK_OK","https://bargestech.go2cloud.org/aff_c?offer_id=209&aff_id=2326&url=https%3A%2F%2Fwww.keen.com%2Fladyfontaine%3Ftid%3D8QOUJYM6%26partnereventid%3D{transaction_id}%26tune_offerid%3D{offer_id}%26utm_medium%3Daffiliation_tune%26utm_source%3D{affiliate_id}-{affiliate_name}"
"keen","","lady-india.md","keen-lady-india","/go/keen-lady-india/","DEEP_LINK_OK","https://bargestech.go2cloud.org/aff_c?offer_id=209&aff_id=2326&url=https%3A%2F%2Fwww.keen.com%2Flove-relationships%2Flady-india%2F3324823%3Ftid%3D8QOUJYM6%26partnereventid%3D{transaction_id}%26tune_offerid%3D{offer_id}%26utm_medium%3Daffiliation_tune%26utm_source%3D{affiliate_id}-{affiliate_name}"
"keen","","lollie-ext-5555.md","keen-lollie-ext-5555","/go/keen-lollie-ext-5555/","DEEP_LINK_OK","https://bargestech.go2cloud.org/aff_c?offer_id=209&aff_id=2326&url=https%3A%2F%2Fwww.keen.com%2Flollie-ext-5555%3Ftid%3D8QOUJYM6%26partnereventid%3D{transaction_id}%26tune_offerid%3D{offer_id}%26utm_medium%3Daffiliation_tune%26utm_source%3D{affiliate_id}-{affiliate_name}"
"keen","","master-psychic-adam-stone.md","keen-master-psychic-adam-stone","/go/keen-master-psychic-adam-stone/","DEEP_LINK_OK","https://bargestech.go2cloud.org/aff_c?offer_id=209&aff_id=2326&url=https%3A%2F%2Fwww.keen.com%2Fpsychic-mediums%2Fmaster-psychic-adam-stone%2F11362802%3Ftid%3D8QOUJYM6%26partnereventid%3D{transaction_id}%26tune_offerid%3D{offer_id}%26utm_medium%3Daffiliation_tune%26utm_source%3D{affiliate_id}-{affiliate_name}"
"keen","","love-psychic-victoria-sands-keen-review-2026.md","keen-victoria","/go/keen-victoria/","DEEP_LINK_OK","https://bargestech.go2cloud.org/aff_c?offer_id=221&aff_id=2326&url=https%3A%2F%2Fwww.keen.com%2Fpsychic-readings%2Flove-psychic-victoria-sands%2F5141310%3Ftid%3D8QOUJYM6%26partnereventid%3D{transaction_id}%26tune_offerid%3D{offer_id}%26utm_medium%3Daffiliation_tune%26utm_source%3D{affiliate_id}-{affiliate_name}"
"keen","","psychic-visions-by-atlantis-on-keen-review-2026.md","keen-atlantis","/go/keen-atlantis/","DEEP_LINK_OK","https://bargestech.go2cloud.org/aff_c?offer_id=221&aff_id=2326&url=https%3A%2F%2Fwww.keen.com%2Fpsychic-readings%2Fpsychic-visions-by-atlantis%2F6748553%3Ftid%3D8QOUJYM6%26partnereventid%3D{transaction_id}%26tune_offerid%3D{offer_id}%26utm_medium%3Daffiliation_tune%26utm_source%3D{affiliate_id}-{affiliate_name}"
"keen","","tammy-the-voice-reader.md","keen-tammy-the-voice-reader","/go/keen-tammy-the-voice-reader/","DEEP_LINK_OK","https://bargestech.go2cloud.org/aff_c?offer_id=209&aff_id=2326&url=https%3A%2F%2Fwww.keen.com%2Flove-relationships%2Fmistress-voice-reader%2F5177751%3Ftid%3D8QOUJYM6%26partnereventid%3D{transaction_id}%26tune_offerid%3D{offer_id}%26utm_medium%3Daffiliation_tune%26utm_source%3D{affiliate_id}-{affiliate_name}"
"keen","","spirit-answers-on-keen-review-2026.md","keen-spirit-answers","/go/keen-spirit-answers/","DEEP_LINK_OK","https://bargestech.go2cloud.org/aff_c?offer_id=221&aff_id=2326&url=https%3A%2F%2Fwww.keen.com%2Flove-relationships%2Fspirit-answers%2F12449381%3Ftid%3D8QOUJYM6%26partnereventid%3D{transaction_id}%26tune_offerid%3D{offer_id}%26utm_medium%3Daffiliation_tune%26utm_source%3D{affiliate_id}-{affiliate_name}"
"keen","","tarot-with-meg-on-keen-review-2026.md","keen-meg","/go/keen-meg/","DEEP_LINK_OK","https://bargestech.go2cloud.org/aff_c?offer_id=221&aff_id=2326&url=https%3A%2F%2Fwww.keen.com%2Fpsychic-readings%2Ftarot-with-meg%2F12442685%3Ftid%3D8QOUJYM6%26partnereventid%3D{transaction_id}%26tune_offerid%3D{offer_id}%26utm_medium%3Daffiliation_tune%26utm_source%3D{affiliate_id}-{affiliate_name}"
"keen","","the-psychic-one.md","keen-the-psychic-one","/go/keen-the-psychic-one/","DEEP_LINK_OK","https://bargestech.go2cloud.org/aff_c?offer_id=221&aff_id=2326&url=https%3A%2F%2Fwww.keen.com%2Fpsychic-readings%2Fthe-psychic-one%2F231725%3Ftid%3D8QOUJYM6%26partnereventid%3D{transaction_id}%26tune_offerid%3D{offer_id}%26utm_medium%3Daffiliation_tune%26utm_source%3D{affiliate_id}-{affiliate_name}"
"keen","","that-magic-man.md","keen-that-magic-man","/go/keen-that-magic-man/","DEEP_LINK_OK","https://bargestech.go2cloud.org/aff_c?offer_id=209&aff_id=2326&url=https%3A%2F%2Fwww.keen.com%2Fpsychic-readings%2Fthat-magic-man%2F10739866%3Ftid%3D8QOUJYM6%26partnereventid%3D{transaction_id}%26tune_offerid%3D{offer_id}%26utm_medium%3Daffiliation_tune%26utm_source%3D{affiliate_id}-{affiliate_name}"
"keen","","sophia-rose-light-on-keen-review-2026.md","keen-sophia","/go/keen-sophia/","DEEP_LINK_OK","https://bargestech.go2cloud.org/aff_c?offer_id=221&aff_id=2326&url=https%3A%2F%2Fwww.keen.com%2Fpsychic-readings%2Fsophia-rose-light%2F12470163%3Ftid%3D8QOUJYM6%26partnereventid%3D{transaction_id}%26tune_offerid%3D{offer_id}%26utm_medium%3Daffiliation_tune%26utm_source%3D{affiliate_id}-{affiliate_name}"
"keen","","readings-by-kelly777.md","keen-kelly","/go/keen-kelly/","DEEP_LINK_OK","https://bargestech.go2cloud.org/aff_c?offer_id=221&aff_id=2326&url=https%3A%2F%2Fwww.keen.com%2Fpsychic-readings%2Freadings-by-kelly777%2F6745718%3Ftid%3D8QOUJYM6%26partnereventid%3D{transaction_id}%26tune_offerid%3D{offer_id}%26utm_medium%3Daffiliation_tune%26utm_source%3D{affiliate_id}-{affiliate_name}"
"keen","","psychicreader19622-raymond-keen-review-2026.md","keen-raymond","/go/keen-raymond/","DEEP_LINK_OK","https://bargestech.go2cloud.org/aff_c?offer_id=221&aff_id=2326&url=https%3A%2F%2Fwww.keen.com%2Flove-relationships%2Fpsychicreader19622%2F6852516%3Ftid%3D8QOUJYM6%26partnereventid%3D{transaction_id}%26tune_offerid%3D{offer_id}%26utm_medium%3Daffiliation_tune%26utm_source%3D{affiliate_id}-{affiliate_name}"
"keen","","readings-by-ruth.md","keen-readings-by-ruth","/go/keen-readings-by-ruth/","DEEP_LINK_OK","https://bargestech.go2cloud.org/aff_c?offer_id=209&aff_id=2326&url=https%3A%2F%2Fwww.keen.com%2Fpsychic-readings%2Freadings-by-ruth%2F12445159%3Ftid%3D8QOUJYM6%26partnereventid%3D{transaction_id}%26tune_offerid%3D{offer_id}%26utm_medium%3Daffiliation_tune%26utm_source%3D{affiliate_id}-{affiliate_name}"
"keen","","serenity-stone.md","keen-serenity-stone","/go/keen-serenity-stone/","DEEP_LINK_OK","https://bargestech.go2cloud.org/aff_c?offer_id=209&aff_id=2326&url=https%3A%2F%2Fwww.keen.com%2Fpsychic-mediums%2Fserenity-stone%2F294696%3Ftid%3D8QOUJYM6%26partnereventid%3D{transaction_id}%26tune_offerid%3D{offer_id}%26utm_medium%3Daffiliation_tune%26utm_source%3D{affiliate_id}-{affiliate_name}"
"keen","","regina-jacks.md","keen-regina","/go/keen-regina/","DEEP_LINK_OK","https://bargestech.go2cloud.org/aff_c?offer_id=221&aff_id=2326&url=https%3A%2F%2Fwww.keen.com%2Flove-relationships%2Fregina-jacks%2F11438416%3Ftid%3D8QOUJYM6%26partnereventid%3D{transaction_id}%26tune_offerid%3D{offer_id}%26utm_medium%3Daffiliation_tune%26utm_source%3D{affiliate_id}-{affiliate_name}"
"keen","","krys-britton-on-keen-review-2026.md","keen-krys","/go/keen-krys/","DEEP_LINK_OK","https://bargestech.go2cloud.org/aff_c?offer_id=221&aff_id=2326&url=https%3A%2F%2Fwww.keen.com%2Ftarot-card-readings%2Fkrys-britton%2F10103909%3Ftid%3D8QOUJYM6%26partnereventid%3D{transaction_id}%26tune_offerid%3D{offer_id}%26utm_medium%3Daffiliation_tune%26utm_source%3D{affiliate_id}-{affiliate_name}"
"keen","","chosenone77.md","keen-chosenone77","/go/keen-chosenone77/","DEEP_LINK_OK","https://bargestech.go2cloud.org/aff_c?offer_id=209&aff_id=2326&url=https%3A%2F%2Fwww.keen.com%2Flove-relationships%2Fchosenone77%2F6682497%3Ftid%3D8QOUJYM6%26partnereventid%3D{transaction_id}%26tune_offerid%3D{offer_id}%26utm_medium%3Daffiliation_tune%26utm_source%3D{affiliate_id}-{affiliate_name}"
"keen","","chloe-has-your-love-insights.md","keen-chloe-has-your-love-insights","/go/keen-chloe-has-your-love-insights/","DEEP_LINK_OK","https://bargestech.go2cloud.org/aff_c?offer_id=209&aff_id=2326&url=https%3A%2F%2Fwww.keen.com%2Flove-relationships%2Fchloe-has-your-love-insights%2F12440298%3Ftid%3D8QOUJYM6%26partnereventid%3D{transaction_id}%26tune_offerid%3D{offer_id}%26utm_medium%3Daffiliation_tune%26utm_source%3D{affiliate_id}-{affiliate_name}"
"keen","","clairvoyant-nicky-power.md","keen-clairvoyant-nicky-power","/go/keen-clairvoyant-nicky-power/","DEEP_LINK_OK","https://bargestech.go2cloud.org/aff_c?offer_id=209&aff_id=2326&url=https%3A%2F%2Fwww.keen.com%2Fpsychic-readings%2Fclairvoyant-nicky-power%2F5029675%3Ftid%3D8QOUJYM6%26partnereventid%3D{transaction_id}%26tune_offerid%3D{offer_id}%26utm_medium%3Daffiliation_tune%26utm_source%3D{affiliate_id}-{affiliate_name}"
"keen","","david7.md","keen-david7","/go/keen-david7/","DEEP_LINK_OK","https://bargestech.go2cloud.org/aff_c?offer_id=221&aff_id=2326&url=https%3A%2F%2Fwww.keen.com%2Flove-relationships%2Fdavid7%2F10351880%3Ftid%3D8QOUJYM6%26partnereventid%3D{transaction_id}%26tune_offerid%3D{offer_id}%26utm_medium%3Daffiliation_tune%26utm_source%3D{affiliate_id}-{affiliate_name}"
"keen","","dar66.md","keen-dar66","/go/keen-dar66/","DEEP_LINK_OK","https://bargestech.go2cloud.org/aff_c?offer_id=209&aff_id=2326&url=https%3A%2F%2Fwww.keen.com%2Flife-path-advice%2Fdar66%2F9015981%3Ftid%3D8QOUJYM6%26partnereventid%3D{transaction_id}%26tune_offerid%3D{offer_id}%26utm_medium%3Daffiliation_tune%26utm_source%3D{affiliate_id}-{affiliate_name}"
"keen","","c-garrett.md","keen-garrett","/go/keen-garrett/","DEEP_LINK_OK","https://bargestech.go2cloud.org/aff_c?offer_id=221&aff_id=2326&url=https%3A%2F%2Fwww.keen.com%2Fpsychic-readings%2Fc-garrett%2F5190528%3Ftid%3D8QOUJYM6%26partnereventid%3D{transaction_id}%26tune_offerid%3D{offer_id}%26utm_medium%3Daffiliation_tune%26utm_source%3D{affiliate_id}-{affiliate_name}"
"keen","","alice-runyon.md","keen-alice-runyon","/go/keen-alice-runyon/","DEEP_LINK_OK","https://bargestech.go2cloud.org/aff_c?offer_id=209&aff_id=2326&url=https%3A%2F%2Fwww.keen.com%2Flove-relationships%2Falice-runyon%2F12446294%3Ftid%3D8QOUJYM6%26partnereventid%3D{transaction_id}%26tune_offerid%3D{offer_id}%26utm_medium%3Daffiliation_tune%26utm_source%3D{affiliate_id}-{affiliate_name}"
"keen","","advisor-suzan.md","keen-advisor-suzan","/go/keen-advisor-suzan/","MISSING_FROM_TS",""
"keen","","allmyangels.md","keen-allmyangels","/go/keen-allmyangels/","DEEP_LINK_OK","https://bargestech.go2cloud.org/aff_c?offer_id=209&aff_id=2326&url=https%3A%2F%2Fwww.keen.com%2Fpet-psychics%2Fallmyangels%2F5359594%3Ftid%3D8QOUJYM6%26partnereventid%3D{transaction_id}%26tune_offerid%3D{offer_id}%26utm_medium%3Daffiliation_tune%26utm_source%3D{affiliate_id}-{affiliate_name}"
"keen","","ask-fran.md","keen-fran","/go/keen-fran/","DEEP_LINK_OK","https://bargestech.go2cloud.org/aff_c?offer_id=221&aff_id=2326&url=https%3A%2F%2Fwww.keen.com%2Flove-relationships%2Fask-fran%2F189058%3Ftid%3D8QOUJYM6%26partnereventid%3D{transaction_id}%26tune_offerid%3D{offer_id}%26utm_medium%3Daffiliation_tune%26utm_source%3D{affiliate_id}-{affiliate_name}"
"keen","","arradaza.md","keen-arradaza","/go/keen-arradaza/","DEEP_LINK_OK","https://bargestech.go2cloud.org/aff_c?offer_id=221&aff_id=2326&url=https%3A%2F%2Fwww.keen.com%2Flove-relationships%2Farradaza%2F1086511%3Ftid%3D8QOUJYM6%26partnereventid%3D{transaction_id}%26tune_offerid%3D{offer_id}%26utm_medium%3Daffiliation_tune%26utm_source%3D{affiliate_id}-{affiliate_name}"
"keen","","dr-lisa-powerful-insights.md","keen-dr-lisa-powerful-insights","/go/keen-dr-lisa-powerful-insights/","DEEP_LINK_OK","https://bargestech.go2cloud.org/aff_c?offer_id=209&aff_id=2326&url=https%3A%2F%2Fwww.keen.com%2Flove-relationships%2Fdr-lisa-powerful-insights%2F9814045%3Ftid%3D8QOUJYM6%26partnereventid%3D{transaction_id}%26tune_offerid%3D{offer_id}%26utm_medium%3Daffiliation_tune%26utm_source%3D{affiliate_id}-{affiliate_name}"
"keen","","intuitive-azzy.md","keen-azzy","/go/keen-azzy/","DEEP_LINK_OK","https://bargestech.go2cloud.org/aff_c?offer_id=221&aff_id=2326&url=https%3A%2F%2Fwww.keen.com%2Fpsychic-readings%2Fintuitive-azzy%2F12446458%3Ftid%3D8QOUJYM6%26partnereventid%3D{transaction_id}%26tune_offerid%3D{offer_id}%26utm_medium%3Daffiliation_tune%26utm_source%3D{affiliate_id}-{affiliate_name}"
"keen","","heeratheintuitive-on-keen-review-2026.md","keen-heera","/go/keen-heera/","DEEP_LINK_OK","https://bargestech.go2cloud.org/aff_c?offer_id=221&aff_id=2326&url=https%3A%2F%2Fwww.keen.com%2Flove-relationships%2Fheeratheintuitive%2F12458564%3Ftid%3D8QOUJYM6%26partnereventid%3D{transaction_id}%26tune_offerid%3D{offer_id}%26utm_medium%3Daffiliation_tune%26utm_source%3D{affiliate_id}-{affiliate_name}"
"keen","","intuitive-guidance-with-lc-on-keen-review-2026.md","keen-lc","/go/keen-lc/","DEEP_LINK_OK","https://bargestech.go2cloud.org/aff_c?offer_id=221&aff_id=2326&url=https%3A%2F%2Fwww.keen.com%2Ftarot-card-readings%2Fintuitive-guidance-with-lc%2F10006543%3Ftid%3D8QOUJYM6%26partnereventid%3D{transaction_id}%26tune_offerid%3D{offer_id}%26utm_medium%3Daffiliation_tune%26utm_source%3D{affiliate_id}-{affiliate_name}"
"keen","","jeanne-clock.md","keen-jeanne-clock","/go/keen-jeanne-clock/","DEEP_LINK_OK","https://bargestech.go2cloud.org/aff_c?offer_id=209&aff_id=2326&url=https%3A%2F%2Fwww.keen.com%2Flove-relationships%2Fjeanne-clock%2F7463353%3Ftid%3D8QOUJYM6%26partnereventid%3D{transaction_id}%26tune_offerid%3D{offer_id}%26utm_medium%3Daffiliation_tune%26utm_source%3D{affiliate_id}-{affiliate_name}"
"keen","","intuitive-jade.md","keen-intuitive-jade","/go/keen-intuitive-jade/","DEEP_LINK_OK","https://bargestech.go2cloud.org/aff_c?offer_id=209&aff_id=2326&url=http%3A%2F%2Fwww.keen.com%2Fpsychic-readings%2Flife-questions%2Fisis-jade%2F6292704%3Ftid%3D8QOUJYM6%26partnereventid%3D{transaction_id}%26tune_offerid%3D{offer_id}%26utm_medium%3Daffiliation_tune%26utm_source%3D{affiliate_id}-{affiliate_name}"
"keen","","heather-ashera.md","keen-heather-ashera","/go/keen-heather-ashera/","DEEP_LINK_OK","https://bargestech.go2cloud.org/aff_c?offer_id=209&aff_id=2326&url=https%3A%2F%2Fwww.keen.com%2Flife-path-advice%2Fheather-ashera%2F7480845%3Ftid%3D8QOUJYM6%26partnereventid%3D{transaction_id}%26tune_offerid%3D{offer_id}%26utm_medium%3Daffiliation_tune%26utm_source%3D{affiliate_id}-{affiliate_name}"
"keen","","eye-of-pheobe-on-keen-review-2026.md","keen-pheobe","/go/keen-pheobe/","DEEP_LINK_OK","https://bargestech.go2cloud.org/aff_c?offer_id=221&aff_id=2326&url=https%3A%2F%2Fwww.keen.com%2Fpsychic-readings%2Feye-of-pheobe%2F5238546%3Ftid%3D8QOUJYM6%26partnereventid%3D{transaction_id}%26tune_offerid%3D{offer_id}%26utm_medium%3Daffiliation_tune%26utm_source%3D{affiliate_id}-{affiliate_name}"
"keen","","eli-casey.md","keen-eli-casey","/go/keen-eli-casey/","DEEP_LINK_OK","https://bargestech.go2cloud.org/aff_c?offer_id=209&aff_id=2326&url=https%3A%2F%2Fwww.keen.com%2Flove-relationships%2Feli-casey%2F1230903%3Ftid%3D8QOUJYM6%26partnereventid%3D{transaction_id}%26tune_offerid%3D{offer_id}%26utm_medium%3Daffiliation_tune%26utm_source%3D{affiliate_id}-{affiliate_name}"
"keen","","flora-knows-all-keen-review-2026.md","keen-flora","/go/keen-flora/","DEEP_LINK_OK","https://bargestech.go2cloud.org/aff_c?offer_id=221&aff_id=2326&url=https%3A%2F%2Fwww.keen.com%2Flove-relationships%2Fflora-knows-all%2F12476431%3Ftid%3D8QOUJYM6%26partnereventid%3D{transaction_id}%26tune_offerid%3D{offer_id}%26utm_medium%3Daffiliation_tune%26utm_source%3D{affiliate_id}-{affiliate_name}"
"keen","","gina-marie.md","keen-gina-marie","/go/keen-gina-marie/","DEEP_LINK_OK","https://bargestech.go2cloud.org/aff_c?offer_id=221&aff_id=2326&url=https%3A%2F%2Fwww.keen.com%2Fpsychic-readings%2Fgina-marie%2F5487925%3Ftid%3D8QOUJYM6%26partnereventid%3D{transaction_id}%26tune_offerid%3D{offer_id}%26utm_medium%3Daffiliation_tune%26utm_source%3D{affiliate_id}-{affiliate_name}"
"keen","","gabriel-the-messenger.md","keen-gabriel-the-messenger","/go/keen-gabriel-the-messenger/","DEEP_LINK_OK","https://bargestech.go2cloud.org/aff_c?offer_id=209&aff_id=2326&url=https%3A%2F%2Fwww.keen.com%2Flove-relationships%2Fgabriel-the-messenger%2F8418200%3Ftid%3D8QOUJYM6%26partnereventid%3D{transaction_id}%26tune_offerid%3D{offer_id}%26utm_medium%3Daffiliation_tune%26utm_source%3D{affiliate_id}-{affiliate_name}"
"purple-garden","","psychic-medium-chloe.md","purple-garden-chloe","/go/purple-garden-chloe/","DEEP_LINK_OK","https://bargestech.go2cloud.org/aff_c?offer_id=30&aff_id=2326&url=https%3A%2F%2Fwww.purplegarden.co%2Fpsychics%2F1884-chloe-psychic-uk%3Fclickid%3D{transaction_id}%26utm_content%3Dsubid2%26utm_medium%3Daffiliation_tune%26utm_source%3D{affiliate_id}-{affiliate_name}"
"purple-garden","","psychic-shirla.md","purple-garden-psychic-shirla","/go/purple-garden-psychic-shirla/","DEEP_LINK_OK","https://bargestech.go2cloud.org/aff_c?offer_id=30&aff_id=2326&url=https%3A%2F%2Fwww.purplegarden.co%2Fpsychics%2F8406-psychic-shirla%3Fclickid%3D{transaction_id}%26utm_content%3Dsubid2%26utm_medium%3Daffiliation_tune%26utm_source%3D{affiliate_id}-{affiliate_name}"
"purple-garden","","psychic-jeanne.md","purple-garden-psychic-jeanne","/go/purple-garden-psychic-jeanne/","DEEP_LINK_OK","https://bargestech.go2cloud.org/aff_c?offer_id=30&aff_id=2326&url=https%3A%2F%2Fwww.purplegarden.co%2Fpsychics%2F1130-psychicjeanne%3Fclickid%3D{transaction_id}%26utm_content%3Dsubid2%26utm_medium%3Daffiliation_tune%26utm_source%3D{affiliate_id}-{affiliate_name}"
"purple-garden","","plutoniandust.md","purple-garden-plutoniandust","/go/purple-garden-plutoniandust/","DEEP_LINK_OK","https://bargestech.go2cloud.org/aff_c?offer_id=30&aff_id=2326&url=https%3A%2F%2Fwww.purplegarden.co%2Fpsychics%2F8218-plutoniandust%3Fclickid%3D{transaction_id}%26utm_content%3Dsubid2%26utm_medium%3Daffiliation_tune%26utm_source%3D{affiliate_id}-{affiliate_name}"
"purple-garden","","psychic-advisor-serena.md","purple-garden-serena","/go/purple-garden-serena/","DEEP_LINK_OK","https://bargestech.go2cloud.org/aff_c?offer_id=30&aff_id=2326&url=https%3A%2F%2Fwww.purplegarden.co%2Fpsychics%2F12093-advisor-serena%3Fclickid%3D{transaction_id}%26utm_content%3Dsubid2%26utm_medium%3Daffiliation_tune%26utm_source%3D{affiliate_id}-{affiliate_name}"
"purple-garden","","quantum-drew.md","purple-garden-quantum-drew","/go/purple-garden-quantum-drew/","DEEP_LINK_OK","https://bargestech.go2cloud.org/aff_c?offer_id=30&aff_id=2326&url=https%3A%2F%2Fwww.purplegarden.co%2Fpsychics%2F2876-quantumdrew%3Fclickid%3D{transaction_id}%26utm_content%3Dsubid2%26utm_medium%3Daffiliation_tune%26utm_source%3D{affiliate_id}-{affiliate_name}"
"purple-garden","","truthful-love.md","purple-garden-truthful-love","/go/purple-garden-truthful-love/","DEEP_LINK_OK","https://bargestech.go2cloud.org/aff_c?offer_id=30&aff_id=2326&url=https%3A%2F%2Fwww.purplegarden.co%2Fpsychics%2F24002-truthful-love%3Fclickid%3D{transaction_id}%26utm_content%3Dsubid2%26utm_medium%3Daffiliation_tune%26utm_source%3D{affiliate_id}-{affiliate_name}"
"purple-garden","","twin-flame-specialist-aria.md","purple-garden-aria","/go/purple-garden-aria/","DEEP_LINK_OK","https://bargestech.go2cloud.org/aff_c?offer_id=30&aff_id=2326&url=https%3A%2F%2Fwww.purplegarden.co%2Fpsychics%2F2270-readings-by-aria%3Fclickid%3D{transaction_id}%26utm_content%3Dsubid2%26utm_medium%3Daffiliation_tune%26utm_source%3D{affiliate_id}-{affiliate_name}"
"purple-garden","","tarot-withh-love.md","purple-garden-tarot-withh-love","/go/purple-garden-tarot-withh-love/","DEEP_LINK_OK","https://bargestech.go2cloud.org/aff_c?offer_id=30&aff_id=2326&url=https%3A%2F%2Fwww.purplegarden.co%2Fpsychics%2F6877-tarot-withh-love%3Fclickid%3D{transaction_id}%26utm_content%3Dsubid2%26utm_medium%3Daffiliation_tune%26utm_source%3D{affiliate_id}-{affiliate_name}"
"purple-garden","","satie-readings.md","purple-garden-satie-readings","/go/purple-garden-satie-readings/","DEEP_LINK_OK","https://bargestech.go2cloud.org/aff_c?offer_id=30&aff_id=2326&url=https%3A%2F%2Fwww.purplegarden.co%2Fpsychics%2F9789-satie-readings%3Fclickid%3D{transaction_id}%26utm_content%3Dsubid2%26utm_medium%3Daffiliation_tune%26utm_source%3D{affiliate_id}-{affiliate_name}"
"purple-garden","","tarot-by-elena.md","purple-garden-elena","/go/purple-garden-elena/","DEEP_LINK_OK","https://bargestech.go2cloud.org/aff_c?offer_id=30&aff_id=2326&url=https%3A%2F%2Fwww.purplegarden.co%2Fpsychics%2F11714-psychic-elena%3Fclickid%3D{transaction_id}%26utm_content%3Dsubid2%26utm_medium%3Daffiliation_tune%26utm_source%3D{affiliate_id}-{affiliate_name}"
"purple-garden","","nuwatarot.md","purple-garden-nuwatarot","/go/purple-garden-nuwatarot/","DEEP_LINK_OK","https://bargestech.go2cloud.org/aff_c?offer_id=30&aff_id=2326&url=https%3A%2F%2Fwww.purplegarden.co%2Fpsychics%2F14178-nuwatarot%3Fclickid%3D{transaction_id}%26utm_content%3Dsubid2%26utm_medium%3Daffiliation_tune%26utm_source%3D{affiliate_id}-{affiliate_name}"
"purple-garden","","ayla-love-resolution.md","purple-garden-ayla","/go/purple-garden-ayla/","DEEP_LINK_OK","https://bargestech.go2cloud.org/aff_c?offer_id=30&aff_id=2326&url=https%3A%2F%2Fwww.purplegarden.co%2Fpsychics%2F11861-ayla%3Fclickid%3D{transaction_id}%26utm_content%3Dsubid2%26utm_medium%3Daffiliation_tune%26utm_source%3D{affiliate_id}-{affiliate_name}"
"purple-garden","","empathic-intuitive-marcus.md","purple-garden-marcus","/go/purple-garden-marcus/","DEEP_LINK_OK","https://bargestech.go2cloud.org/aff_c?offer_id=30&aff_id=2326&url=https%3A%2F%2Fwww.purplegarden.co%2Fpsychics%2F2146-marcus-andy%3Fclickid%3D{transaction_id}%26utm_content%3Dsubid2%26utm_medium%3Daffiliation_tune%26utm_source%3D{affiliate_id}-{affiliate_name}"
"purple-garden","","athina-mystic.md","purple-garden-athina-mystic","/go/purple-garden-athina-mystic/","DEEP_LINK_OK","https://bargestech.go2cloud.org/aff_c?offer_id=30&aff_id=2326&url=https%3A%2F%2Fwww.purplegarden.co%2Fpsychics%2F10689-athina-mystic%3Fclickid%3D{transaction_id}%26utm_content%3Dsubid2%26utm_medium%3Daffiliation_tune%26utm_source%3D{affiliate_id}-{affiliate_name}"
"purple-garden","","adam-africa.md","purple-garden-adam-africa","/go/purple-garden-adam-africa/","DEEP_LINK_OK","https://bargestech.go2cloud.org/aff_c?offer_id=30&aff_id=2326&url=https%3A%2F%2Fwww.purplegarden.co%2Fpsychics%2F5686-adam-africa%3Fclickid%3D{transaction_id}%26utm_content%3Dsubid2%26utm_medium%3Daffiliation_tune%26utm_source%3D{affiliate_id}-{affiliate_name}"
"purple-garden","","advisor-vanessa.md","purple-garden-advisor-vanessa","/go/purple-garden-advisor-vanessa/","DEEP_LINK_OK","https://bargestech.go2cloud.org/aff_c?offer_id=30&aff_id=2326&url=https%3A%2F%2Fwww.purplegarden.co%2Fpsychics%2F1645-advisor-vanessa%3Fclickid%3D{transaction_id}%26utm_content%3Dsubid2%26utm_medium%3Daffiliation_tune%26utm_source%3D{affiliate_id}-{affiliate_name}"
"purple-garden","","fanny-dalfiume.md","purple-garden-fanny-dalfiume","/go/purple-garden-fanny-dalfiume/","DEEP_LINK_OK","https://bargestech.go2cloud.org/aff_c?offer_id=30&aff_id=2326&url=https%3A%2F%2Fwww.purplegarden.co%2Fpsychics%2F10632-fanny-dalfiume%3Fclickid%3D{transaction_id}%26utm_content%3Dsubid2%26utm_medium%3Daffiliation_tune%26utm_source%3D{affiliate_id}-{affiliate_name}"
"purple-garden","","nick.md","purple-garden-nick","/go/purple-garden-nick/","DEEP_LINK_OK","https://bargestech.go2cloud.org/aff_c?offer_id=30&aff_id=2326&url=https%3A%2F%2Fwww.purplegarden.co%2Fpsychics%2F11738-nick%3Fclickid%3D{transaction_id}%26utm_content%3Dsubid2%26utm_medium%3Daffiliation_tune%26utm_source%3D{affiliate_id}-{affiliate_name}"
"purple-garden","","niki-medium.md","purple-garden-niki-medium","/go/purple-garden-niki-medium/","DEEP_LINK_OK","https://bargestech.go2cloud.org/aff_c?offer_id=30&aff_id=2326&url=https%3A%2F%2Fwww.purplegarden.co%2Fpsychics%2F4512-niki-medium%3Fclickid%3D{transaction_id}%26utm_content%3Dsubid2%26utm_medium%3Daffiliation_tune%26utm_source%3D{affiliate_id}-{affiliate_name}"
"purple-garden","","mystic-mark.md","purple-garden-mystic-mark","/go/purple-garden-mystic-mark/","DEEP_LINK_OK","https://bargestech.go2cloud.org/aff_c?offer_id=30&aff_id=2326&url=https%3A%2F%2Fwww.purplegarden.co%2Fpsychics%2F10497-mystic-mark%3Fclickid%3D{transaction_id}%26utm_content%3Dsubid2%26utm_medium%3Daffiliation_tune%26utm_source%3D{affiliate_id}-{affiliate_name}"
"purple-garden","","jackies-tea-tarot.md","purple-garden-jackies-tea-tarot","/go/purple-garden-jackies-tea-tarot/","DEEP_LINK_OK","https://bargestech.go2cloud.org/aff_c?offer_id=30&aff_id=2326&url=https%3A%2F%2Fwww.purplegarden.co%2Fpsychics%2F3129-jackies-tea-tarot%3Fclickid%3D{transaction_id}%26utm_content%3Dsubid2%26utm_medium%3Daffiliation_tune%26utm_source%3D{affiliate_id}-{affiliate_name}"
"purple-garden","","lejla-kristal.md","purple-garden-lejla-kristal","/go/purple-garden-lejla-kristal/","DEEP_LINK_OK","https://bargestech.go2cloud.org/aff_c?offer_id=30&aff_id=2326&url=https%3A%2F%2Fwww.purplegarden.co%2Fpsychics%2F6414-lejla-kristal%3Fclickid%3D{transaction_id}%26utm_content%3Dsubid2%26utm_medium%3Daffiliation_tune%26utm_source%3D{affiliate_id}-{affiliate_name}"
