"Platform","Slug","TuneUrl","DestinationUrl"
"Kasamba","kasamba-ask-cristina","https://bargestech.go2cloud.org/aff_c?offer_id=191&aff_id=2326&url=https%3A%2F%2Fwww.kasamba.com%2Fpsychic%2Fask-cristina%2F%3Fclickid%3D{transaction_id}%26utm_content%3Dsubid2%26utm_medium%3Daffiliation_tune%26utm_source%3D{affiliate_id}-{affiliate_name}","https://www.kasamba.com/psychic/ask-cristina/?clickid={transaction_id}&utm_content=subid2&utm_medium=affiliation_tune&utm_source={affiliate_id}-{affiliate_name}"
"Kasamba","kasamba-chelle","https://bargestech.go2cloud.org/aff_c?offer_id=191&aff_id=2326&url=https%3A%2F%2Fwww.kasamba.com%2Fpsychic%2Fseek-chelle%2F%3Fclickid%3D{transaction_id}%26utm_content%3Dsubid2%26utm_medium%3Daffiliation_tune%26utm_source%3D{affiliate_id}-{affiliate_name}","https://www.kasamba.com/psychic/seek-chelle/?clickid={transaction_id}&utm_content=subid2&utm_medium=affiliation_tune&utm_source={affiliate_id}-{affiliate_name}"
"Kasamba","kasamba-cosmic-fusion","https://www.kasamba.com/psychic/cosmic-fusion/?clickid=102b55f2f04dc52adadd25246fa234&utm_content=subid2&utm_medium=affiliation_tune&utm_source=2326-huanchao+wang","https://www.kasamba.com/psychic/cosmic-fusion/?clickid=102b55f2f04dc52adadd25246fa234&utm_content=subid2&utm_medium=affiliation_tune&utm_source=2326-huanchao+wang"
"Kasamba","kasamba-cristina","https://bargestech.go2cloud.org/aff_c?offer_id=191&aff_id=2326&url=https%3A%2F%2Fwww.kasamba.com%2Fpsychic%2Fask-cristina%2F%3Fclickid%3D{transaction_id}%26utm_content%3Dsubid2%26utm_medium%3Daffiliation_tune%26utm_source%3D{affiliate_id}-{affiliate_name}","https://www.kasamba.com/psychic/ask-cristina/?clickid={transaction_id}&utm_content=subid2&utm_medium=affiliation_tune&utm_source={affiliate_id}-{affiliate_name}"
"Kasamba","kasamba-danielle","https://bargestech.go2cloud.org/aff_c?offer_id=191&aff_id=2326&url=https%3A%2F%2Fwww.kasamba.com%2Fpsychic%2Fdanielle-psychic%2F%3Fclickid%3D{transaction_id}%26utm_content%3Dsubid2%26utm_medium%3Daffiliation_tune%26utm_source%3D{affiliate_id}-{affiliate_name}","https://www.kasamba.com/psychic/danielle-psychic/?clickid={transaction_id}&utm_content=subid2&utm_medium=affiliation_tune&utm_source={affiliate_id}-{affiliate_name}"
"Kasamba","kasamba-david-james","https://bargestech.go2cloud.org/aff_c?offer_id=191&aff_id=2326&url=https%3A%2F%2Fwww.kasamba.com%2Fpsychic%2Fdavid-james-psychic-wisdom%2F%3Fclickid%3D{transaction_id}%26utm_content%3Dsubid2%26utm_medium%3Daffiliation_tune%26utm_source%3D{affiliate_id}-{affiliate_name}","https://www.kasamba.com/psychic/david-james-psychic-wisdom/?clickid={transaction_id}&utm_content=subid2&utm_medium=affiliation_tune&utm_source={affiliate_id}-{affiliate_name}"
"Kasamba","kasamba-elizabeth","https://bargestech.go2cloud.org/aff_c?offer_id=191&aff_id=2326&url=https%3A%2F%2Fwww.kasamba.com%2Fpsychic%2Felizabeth%2F%3Fclickid%3D{transaction_id}%26utm_content%3Dsubid2%26utm_medium%3Daffiliation_tune%26utm_source%3D{affiliate_id}-{affiliate_name}","https://www.kasamba.com/psychic/elizabeth/?clickid={transaction_id}&utm_content=subid2&utm_medium=affiliation_tune&utm_source={affiliate_id}-{affiliate_name}"
"Kasamba","kasamba-golden-eye","https://bargestech.go2cloud.org/aff_c?offer_id=191&aff_id=2326&url=https%3A%2F%2Fwww.kasamba.com%2Fpsychic%2Fgolden-eye%2F%3Fclickid%3D{transaction_id}%26utm_content%3Dsubid2%26utm_medium%3Daffiliation_tune%26utm_source%3D{affiliate_id}-{affiliate_name}","https://www.kasamba.com/psychic/golden-eye/?clickid={transaction_id}&utm_content=subid2&utm_medium=affiliation_tune&utm_source={affiliate_id}-{affiliate_name}"
"Kasamba","kasamba-immense-spark","https://bargestech.go2cloud.org/aff_c?offer_id=191&aff_id=2326&url=https%3A%2F%2Fwww.kasamba.com%2Fpsychic%2Fimmense-spark-n-aura%2F%3Fclickid%3D{transaction_id}%26utm_content%3Dsubid2%26utm_medium%3Daffiliation_tune%26utm_source%3D{affiliate_id}-{affiliate_name}","https://www.kasamba.com/psychic/immense-spark-n-aura/?clickid={transaction_id}&utm_content=subid2&utm_medium=affiliation_tune&utm_source={affiliate_id}-{affiliate_name}"
"Kasamba","kasamba-invincible-insights","https://bargestech.go2cloud.org/aff_c?offer_id=191&aff_id=2326&url=https%3A%2F%2Fwww.kasamba.com%2Fpsychic%2Finvincible-insights%2F%3Fclickid%3D{transaction_id}%26utm_content%3Dsubid2%26utm_medium%3Daffiliation_tune%26utm_source%3D{affiliate_id}-{affiliate_name}","https://www.kasamba.com/psychic/invincible-insights/?clickid={transaction_id}&utm_content=subid2&utm_medium=affiliation_tune&utm_source={affiliate_id}-{affiliate_name}"
"Kasamba","kasamba-jenny","https://bargestech.go2cloud.org/aff_c?offer_id=191&aff_id=2326&url=https%3A%2F%2Fwww.kasamba.com%2Fpsychic%2Fadvisor-by-jenny%2F%3Fclickid%3D{transaction_id}%26utm_content%3Dsubid2%26utm_medium%3Daffiliation_tune%26utm_source%3D{affiliate_id}-{affiliate_name}","https://www.kasamba.com/psychic/advisor-by-jenny/?clickid={transaction_id}&utm_content=subid2&utm_medium=affiliation_tune&utm_source={affiliate_id}-{affiliate_name}"
"Kasamba","kasamba-master-enigma","https://bargestech.go2cloud.org/aff_c?offer_id=191&aff_id=2326&url=https%3A%2F%2Fwww.kasamba.com%2Fpsychic%2Fmaster-enigma%2F%3Fclickid%3D{transaction_id}%26utm_content%3Dsubid2%26utm_medium%3Daffiliation_tune%26utm_source%3D{affiliate_id}-{affiliate_name}","https://www.kasamba.com/psychic/master-enigma/?clickid={transaction_id}&utm_content=subid2&utm_medium=affiliation_tune&utm_source={affiliate_id}-{affiliate_name}"
"Kasamba","kasamba-safina","https://bargestech.go2cloud.org/aff_c?offer_id=191&aff_id=2326&url=https%3A%2F%2Fwww.kasamba.com%2Fpsychic%2Fpsychic-safina%2F%3Fclickid%3D{transaction_id}%26utm_content%3Dsubid2%26utm_medium%3Daffiliation_tune%26utm_source%3D{affiliate_id}-{affiliate_name}","https://www.kasamba.com/psychic/psychic-safina/?clickid={transaction_id}&utm_content=subid2&utm_medium=affiliation_tune&utm_source={affiliate_id}-{affiliate_name}"
"Kasamba","kasamba-satire","https://bargestech.go2cloud.org/aff_c?offer_id=191&aff_id=2326&url=https%3A%2F%2Fwww.kasamba.com%2Fpsychic%2Fpsychic-satire%2F%3Fclickid%3D{transaction_id}%26utm_content%3Dsubid2%26utm_medium%3Daffiliation_tune%26utm_source%3D{affiliate_id}-{affiliate_name}","https://www.kasamba.com/psychic/psychic-satire/?clickid={transaction_id}&utm_content=subid2&utm_medium=affiliation_tune&utm_source={affiliate_id}-{affiliate_name}"
"Kasamba","kasamba-simmi","https://bargestech.go2cloud.org/aff_c?offer_id=191&aff_id=2326&url=https%3A%2F%2Fwww.kasamba.com%2Fpsychic%2Fpsychic-simmi%2F%3Fclickid%3D{transaction_id}%26utm_content%3Dsubid2%26utm_medium%3Daffiliation_tune%26utm_source%3D{affiliate_id}-{affiliate_name}","https://www.kasamba.com/psychic/psychic-simmi/?clickid={transaction_id}&utm_content=subid2&utm_medium=affiliation_tune&utm_source={affiliate_id}-{affiliate_name}"
"Kasamba","kasamba-stefan","https://bargestech.go2cloud.org/aff_c?offer_id=191&aff_id=2326&url=https%3A%2F%2Fwww.kasamba.com%2Fpsychic%2Flove-stefans-psychic-soul%2F%3Fclickid%3D{transaction_id}%26utm_content%3Dsubid2%26utm_medium%3Daffiliation_tune%26utm_source%3D{affiliate_id}-{affiliate_name}","https://www.kasamba.com/psychic/love-stefans-psychic-soul/?clickid={transaction_id}&utm_content=subid2&utm_medium=affiliation_tune&utm_source={affiliate_id}-{affiliate_name}"
"Kasamba","kasamba-supernormal-soul","https://bargestech.go2cloud.org/aff_c?offer_id=191&aff_id=2326&url=https%3A%2F%2Fwww.kasamba.com%2Fpsychic%2Fsupernormal-soul%2F%3Fclickid%3D{transaction_id}%26utm_content%3Dsubid2%26utm_medium%3Daffiliation_tune%26utm_source%3D{affiliate_id}-{affiliate_name}","https://www.kasamba.com/psychic/supernormal-soul/?clickid={transaction_id}&utm_content=subid2&utm_medium=affiliation_tune&utm_source={affiliate_id}-{affiliate_name}"
"Kasamba","kasamba-sweet-spirit-of-love","https://bargestech.go2cloud.org/aff_c?offer_id=191&aff_id=2326&url=https%3A%2F%2Fwww.kasamba.com%2Fpsychic%2Fsweet-spirit-of-love%2F%3Fclickid%3D{transaction_id}%26utm_content%3Dsubid2%26utm_medium%3Daffiliation_tune%26utm_source%3D{affiliate_id}-{affiliate_name}","https://www.kasamba.com/psychic/sweet-spirit-of-love/?clickid={transaction_id}&utm_content=subid2&utm_medium=affiliation_tune&utm_source={affiliate_id}-{affiliate_name}"
"Kasamba","kasamba-truthful-visions","https://bargestech.go2cloud.org/aff_c?offer_id=191&aff_id=2326&url=https%3A%2F%2Fwww.kasamba.com%2Fpsychic%2Ftruthful-visions%2F%3Fclickid%3D{transaction_id}%26utm_content%3Dsubid2%26utm_medium%3Daffiliation_tune%26utm_source%3D{affiliate_id}-{affiliate_name}","https://www.kasamba.com/psychic/truthful-visions/?clickid={transaction_id}&utm_content=subid2&utm_medium=affiliation_tune&utm_source={affiliate_id}-{affiliate_name}"
"Kasamba","kasamba-wisdom-and-love","https://bargestech.go2cloud.org/aff_c?offer_id=191&aff_id=2326&url=https%3A%2F%2Fwww.kasamba.com%2Fpsychic%2Fwisdom-and-love%2F%3Fclickid%3D{transaction_id}%26utm_content%3Dsubid2%26utm_medium%3Daffiliation_tune%26utm_source%3D{affiliate_id}-{affiliate_name}","https://www.kasamba.com/psychic/wisdom-and-love/?clickid={transaction_id}&utm_content=subid2&utm_medium=affiliation_tune&utm_source={affiliate_id}-{affiliate_name}"
"Kasamba","kasamba-yazmin","https://bargestech.go2cloud.org/aff_c?offer_id=191&aff_id=2326&url=https%3A%2F%2Fwww.kasamba.com%2Fpsychic%2Fpsychic-yazmin%2F%3Fclickid%3D{transaction_id}%26utm_content%3Dsubid2%26utm_medium%3Daffiliation_tune%26utm_source%3D{affiliate_id}-{affiliate_name}","https://www.kasamba.com/psychic/psychic-yazmin/?clickid={transaction_id}&utm_content=subid2&utm_medium=affiliation_tune&utm_source={affiliate_id}-{affiliate_name}"
"Keen","keen-alice-runyon","https://bargestech.go2cloud.org/aff_c?offer_id=209&aff_id=2326&url=https%3A%2F%2Fwww.keen.com%2Flove-relationships%2Falice-runyon%2F12446294%3Ftid%3D8QOUJYM6%26partnereventid%3D{transaction_id}%26tune_offerid%3D{offer_id}%26utm_medium%3Daffiliation_tune%26utm_source%3D{affiliate_id}-{affiliate_name}","https://www.keen.com/love-relationships/alice-runyon/12446294?tid=8QOUJYM6&partnereventid={transaction_id}&tune_offerid={offer_id}&utm_medium=affiliation_tune&utm_source={affiliate_id}-{affiliate_name}"
"Keen","keen-allmyangels","https://bargestech.go2cloud.org/aff_c?offer_id=209&aff_id=2326&url=https%3A%2F%2Fwww.keen.com%2Fpet-psychics%2Fallmyangels%2F5359594%3Ftid%3D8QOUJYM6%26partnereventid%3D{transaction_id}%26tune_offerid%3D{offer_id}%26utm_medium%3Daffiliation_tune%26utm_source%3D{affiliate_id}-{affiliate_name}","https://www.keen.com/pet-psychics/allmyangels/5359594?tid=8QOUJYM6&partnereventid={transaction_id}&tune_offerid={offer_id}&utm_medium=affiliation_tune&utm_source={affiliate_id}-{affiliate_name}"
"Keen","keen-arradaza","https://bargestech.go2cloud.org/aff_c?offer_id=221&aff_id=2326&url=https%3A%2F%2Fwww.keen.com%2Flove-relationships%2Farradaza%2F1086511%3Ftid%3D8QOUJYM6%26partnereventid%3D{transaction_id}%26tune_offerid%3D{offer_id}%26utm_medium%3Daffiliation_tune%26utm_source%3D{affiliate_id}-{affiliate_name}","https://www.keen.com/love-relationships/arradaza/1086511?tid=8QOUJYM6&partnereventid={transaction_id}&tune_offerid={offer_id}&utm_medium=affiliation_tune&utm_source={affiliate_id}-{affiliate_name}"
"Keen","keen-ask-fran","https://bargestech.go2cloud.org/aff_c?offer_id=221&aff_id=2326&url=https%3A%2F%2Fwww.keen.com%2Flove-relationships%2Fask-fran%2F189058%3Ftid%3D8QOUJYM6%26partnereventid%3D{transaction_id}%26tune_offerid%3D{offer_id}%26utm_medium%3Daffiliation_tune%26utm_source%3D{affiliate_id}-{affiliate_name}","https://www.keen.com/love-relationships/ask-fran/189058?tid=8QOUJYM6&partnereventid={transaction_id}&tune_offerid={offer_id}&utm_medium=affiliation_tune&utm_source={affiliate_id}-{affiliate_name}"
"Keen","keen-atlantis","https://bargestech.go2cloud.org/aff_c?offer_id=221&aff_id=2326&url=https%3A%2F%2Fwww.keen.com%2Fpsychic-readings%2Fpsychic-visions-by-atlantis%2F6748553%3Ftid%3D8QOUJYM6%26partnereventid%3D{transaction_id}%26tune_offerid%3D{offer_id}%26utm_medium%3Daffiliation_tune%26utm_source%3D{affiliate_id}-{affiliate_name}","https://www.keen.com/psychic-readings/psychic-visions-by-atlantis/6748553?tid=8QOUJYM6&partnereventid={transaction_id}&tune_offerid={offer_id}&utm_medium=affiliation_tune&utm_source={affiliate_id}-{affiliate_name}"
"Keen","keen-azzy","https://bargestech.go2cloud.org/aff_c?offer_id=221&aff_id=2326&url=https%3A%2F%2Fwww.keen.com%2Fpsychic-readings%2Fintuitive-azzy%2F12446458%3Ftid%3D8QOUJYM6%26partnereventid%3D{transaction_id}%26tune_offerid%3D{offer_id}%26utm_medium%3Daffiliation_tune%26utm_source%3D{affiliate_id}-{affiliate_name}","https://www.keen.com/psychic-readings/intuitive-azzy/12446458?tid=8QOUJYM6&partnereventid={transaction_id}&tune_offerid={offer_id}&utm_medium=affiliation_tune&utm_source={affiliate_id}-{affiliate_name}"
"Keen","keen-chloe-has-your-love-insights","https://bargestech.go2cloud.org/aff_c?offer_id=209&aff_id=2326&url=https%3A%2F%2Fwww.keen.com%2Flove-relationships%2Fchloe-has-your-love-insights%2F12440298%3Ftid%3D8QOUJYM6%26partnereventid%3D{transaction_id}%26tune_offerid%3D{offer_id}%26utm_medium%3Daffiliation_tune%26utm_source%3D{affiliate_id}-{affiliate_name}","https://www.keen.com/love-relationships/chloe-has-your-love-insights/12440298?tid=8QOUJYM6&partnereventid={transaction_id}&tune_offerid={offer_id}&utm_medium=affiliation_tune&utm_source={affiliate_id}-{affiliate_name}"
"Keen","keen-chosenone77","https://bargestech.go2cloud.org/aff_c?offer_id=209&aff_id=2326&url=https%3A%2F%2Fwww.keen.com%2Flove-relationships%2Fchosenone77%2F6682497%3Ftid%3D8QOUJYM6%26partnereventid%3D{transaction_id}%26tune_offerid%3D{offer_id}%26utm_medium%3Daffiliation_tune%26utm_source%3D{affiliate_id}-{affiliate_name}","https://www.keen.com/love-relationships/chosenone77/6682497?tid=8QOUJYM6&partnereventid={transaction_id}&tune_offerid={offer_id}&utm_medium=affiliation_tune&utm_source={affiliate_id}-{affiliate_name}"
"Keen","keen-clairvoyant-nicky-power","https://bargestech.go2cloud.org/aff_c?offer_id=209&aff_id=2326&url=https%3A%2F%2Fwww.keen.com%2Fpsychic-readings%2Fclairvoyant-nicky-power%2F5029675%3Ftid%3D8QOUJYM6%26partnereventid%3D{transaction_id}%26tune_offerid%3D{offer_id}%26utm_medium%3Daffiliation_tune%26utm_source%3D{affiliate_id}-{affiliate_name}","https://www.keen.com/psychic-readings/clairvoyant-nicky-power/5029675?tid=8QOUJYM6&partnereventid={transaction_id}&tune_offerid={offer_id}&utm_medium=affiliation_tune&utm_source={affiliate_id}-{affiliate_name}"
"Keen","keen-dar66","https://bargestech.go2cloud.org/aff_c?offer_id=209&aff_id=2326&url=https%3A%2F%2Fwww.keen.com%2Flife-path-advice%2Fdar66%2F9015981%3Ftid%3D8QOUJYM6%26partnereventid%3D{transaction_id}%26tune_offerid%3D{offer_id}%26utm_medium%3Daffiliation_tune%26utm_source%3D{affiliate_id}-{affiliate_name}","https://www.keen.com/life-path-advice/dar66/9015981?tid=8QOUJYM6&partnereventid={transaction_id}&tune_offerid={offer_id}&utm_medium=affiliation_tune&utm_source={affiliate_id}-{affiliate_name}"
"Keen","keen-david7","https://bargestech.go2cloud.org/aff_c?offer_id=221&aff_id=2326&url=https%3A%2F%2Fwww.keen.com%2Flove-relationships%2Fdavid7%2F10351880%3Ftid%3D8QOUJYM6%26partnereventid%3D{transaction_id}%26tune_offerid%3D{offer_id}%26utm_medium%3Daffiliation_tune%26utm_source%3D{affiliate_id}-{affiliate_name}","https://www.keen.com/love-relationships/david7/10351880?tid=8QOUJYM6&partnereventid={transaction_id}&tune_offerid={offer_id}&utm_medium=affiliation_tune&utm_source={affiliate_id}-{affiliate_name}"
"Keen","keen-dr-lisa-powerful-insights","https://bargestech.go2cloud.org/aff_c?offer_id=209&aff_id=2326&url=https%3A%2F%2Fwww.keen.com%2Flove-relationships%2Fdr-lisa-powerful-insights%2F9814045%3Ftid%3D8QOUJYM6%26partnereventid%3D{transaction_id}%26tune_offerid%3D{offer_id}%26utm_medium%3Daffiliation_tune%26utm_source%3D{affiliate_id}-{affiliate_name}","https://www.keen.com/love-relationships/dr-lisa-powerful-insights/9814045?tid=8QOUJYM6&partnereventid={transaction_id}&tune_offerid={offer_id}&utm_medium=affiliation_tune&utm_source={affiliate_id}-{affiliate_name}"
"Keen","keen-eli-casey","https://bargestech.go2cloud.org/aff_c?offer_id=209&aff_id=2326&url=https%3A%2F%2Fwww.keen.com%2Flove-relationships%2Feli-casey%2F1230903%3Ftid%3D8QOUJYM6%26partnereventid%3D{transaction_id}%26tune_offerid%3D{offer_id}%26utm_medium%3Daffiliation_tune%26utm_source%3D{affiliate_id}-{affiliate_name}","https://www.keen.com/love-relationships/eli-casey/1230903?tid=8QOUJYM6&partnereventid={transaction_id}&tune_offerid={offer_id}&utm_medium=affiliation_tune&utm_source={affiliate_id}-{affiliate_name}"
"Keen","keen-flora","https://bargestech.go2cloud.org/aff_c?offer_id=221&aff_id=2326&url=https%3A%2F%2Fwww.keen.com%2Flove-relationships%2Fflora-knows-all%2F12476431%3Ftid%3D8QOUJYM6%26partnereventid%3D{transaction_id}%26tune_offerid%3D{offer_id}%26utm_medium%3Daffiliation_tune%26utm_source%3D{affiliate_id}-{affiliate_name}","https://www.keen.com/love-relationships/flora-knows-all/12476431?tid=8QOUJYM6&partnereventid={transaction_id}&tune_offerid={offer_id}&utm_medium=affiliation_tune&utm_source={affiliate_id}-{affiliate_name}"
"Keen","keen-fran","https://bargestech.go2cloud.org/aff_c?offer_id=221&aff_id=2326&url=https%3A%2F%2Fwww.keen.com%2Flove-relationships%2Fask-fran%2F189058%3Ftid%3D8QOUJYM6%26partnereventid%3D{transaction_id}%26tune_offerid%3D{offer_id}%26utm_medium%3Daffiliation_tune%26utm_source%3D{affiliate_id}-{affiliate_name}","https://www.keen.com/love-relationships/ask-fran/189058?tid=8QOUJYM6&partnereventid={transaction_id}&tune_offerid={offer_id}&utm_medium=affiliation_tune&utm_source={affiliate_id}-{affiliate_name}"
"Keen","keen-gabriel-the-messenger","https://bargestech.go2cloud.org/aff_c?offer_id=209&aff_id=2326&url=https%3A%2F%2Fwww.keen.com%2Flove-relationships%2Fgabriel-the-messenger%2F8418200%3Ftid%3D8QOUJYM6%26partnereventid%3D{transaction_id}%26tune_offerid%3D{offer_id}%26utm_medium%3Daffiliation_tune%26utm_source%3D{affiliate_id}-{affiliate_name}","https://www.keen.com/love-relationships/gabriel-the-messenger/8418200?tid=8QOUJYM6&partnereventid={transaction_id}&tune_offerid={offer_id}&utm_medium=affiliation_tune&utm_source={affiliate_id}-{affiliate_name}"
"Keen","keen-garrett","https://bargestech.go2cloud.org/aff_c?offer_id=221&aff_id=2326&url=https%3A%2F%2Fwww.keen.com%2Fpsychic-readings%2Fc-garrett%2F5190528%3Ftid%3D8QOUJYM6%26partnereventid%3D{transaction_id}%26tune_offerid%3D{offer_id}%26utm_medium%3Daffiliation_tune%26utm_source%3D{affiliate_id}-{affiliate_name}","https://www.keen.com/psychic-readings/c-garrett/5190528?tid=8QOUJYM6&partnereventid={transaction_id}&tune_offerid={offer_id}&utm_medium=affiliation_tune&utm_source={affiliate_id}-{affiliate_name}"
"Keen","keen-gina-marie","https://bargestech.go2cloud.org/aff_c?offer_id=221&aff_id=2326&url=https%3A%2F%2Fwww.keen.com%2Fpsychic-readings%2Fgina-marie%2F5487925%3Ftid%3D8QOUJYM6%26partnereventid%3D{transaction_id}%26tune_offerid%3D{offer_id}%26utm_medium%3Daffiliation_tune%26utm_source%3D{affiliate_id}-{affiliate_name}","https://www.keen.com/psychic-readings/gina-marie/5487925?tid=8QOUJYM6&partnereventid={transaction_id}&tune_offerid={offer_id}&utm_medium=affiliation_tune&utm_source={affiliate_id}-{affiliate_name}"
"Keen","keen-heather-ashera","https://bargestech.go2cloud.org/aff_c?offer_id=209&aff_id=2326&url=https%3A%2F%2Fwww.keen.com%2Flife-path-advice%2Fheather-ashera%2F7480845%3Ftid%3D8QOUJYM6%26partnereventid%3D{transaction_id}%26tune_offerid%3D{offer_id}%26utm_medium%3Daffiliation_tune%26utm_source%3D{affiliate_id}-{affiliate_name}","https://www.keen.com/life-path-advice/heather-ashera/7480845?tid=8QOUJYM6&partnereventid={transaction_id}&tune_offerid={offer_id}&utm_medium=affiliation_tune&utm_source={affiliate_id}-{affiliate_name}"
"Keen","keen-heera","https://bargestech.go2cloud.org/aff_c?offer_id=221&aff_id=2326&url=https%3A%2F%2Fwww.keen.com%2Flove-relationships%2Fheeratheintuitive%2F12458564%3Ftid%3D8QOUJYM6%26partnereventid%3D{transaction_id}%26tune_offerid%3D{offer_id}%26utm_medium%3Daffiliation_tune%26utm_source%3D{affiliate_id}-{affiliate_name}","https://www.keen.com/love-relationships/heeratheintuitive/12458564?tid=8QOUJYM6&partnereventid={transaction_id}&tune_offerid={offer_id}&utm_medium=affiliation_tune&utm_source={affiliate_id}-{affiliate_name}"
"Keen","keen-intuitive-azzy","https://bargestech.go2cloud.org/aff_c?offer_id=221&aff_id=2326&url=https%3A%2F%2Fwww.keen.com%2Fpsychic-readings%2Fintuitive-azzy%2F12446458%3Ftid%3D8QOUJYM6%26partnereventid%3D{transaction_id}%26tune_offerid%3D{offer_id}%26utm_medium%3Daffiliation_tune%26utm_source%3D{affiliate_id}-{affiliate_name}","https://www.keen.com/psychic-readings/intuitive-azzy/12446458?tid=8QOUJYM6&partnereventid={transaction_id}&tune_offerid={offer_id}&utm_medium=affiliation_tune&utm_source={affiliate_id}-{affiliate_name}"
"Keen","keen-intuitive-jade","https://bargestech.go2cloud.org/aff_c?offer_id=209&aff_id=2326&url=http%3A%2F%2Fwww.keen.com%2Fpsychic-readings%2Flife-questions%2Fisis-jade%2F6292704%3Ftid%3D8QOUJYM6%26partnereventid%3D{transaction_id}%26tune_offerid%3D{offer_id}%26utm_medium%3Daffiliation_tune%26utm_source%3D{affiliate_id}-{affiliate_name}","http://www.keen.com/psychic-readings/life-questions/isis-jade/6292704?tid=8QOUJYM6&partnereventid={transaction_id}&tune_offerid={offer_id}&utm_medium=affiliation_tune&utm_source={affiliate_id}-{affiliate_name}"
"Keen","keen-jeanne-clock","https://bargestech.go2cloud.org/aff_c?offer_id=209&aff_id=2326&url=https%3A%2F%2Fwww.keen.com%2Flove-relationships%2Fjeanne-clock%2F7463353%3Ftid%3D8QOUJYM6%26partnereventid%3D{transaction_id}%26tune_offerid%3D{offer_id}%26utm_medium%3Daffiliation_tune%26utm_source%3D{affiliate_id}-{affiliate_name}","https://www.keen.com/love-relationships/jeanne-clock/7463353?tid=8QOUJYM6&partnereventid={transaction_id}&tune_offerid={offer_id}&utm_medium=affiliation_tune&utm_source={affiliate_id}-{affiliate_name}"
"Keen","keen-kelly","https://bargestech.go2cloud.org/aff_c?offer_id=221&aff_id=2326&url=https%3A%2F%2Fwww.keen.com%2Fpsychic-readings%2Freadings-by-kelly777%2F6745718%3Ftid%3D8QOUJYM6%26partnereventid%3D{transaction_id}%26tune_offerid%3D{offer_id}%26utm_medium%3Daffiliation_tune%26utm_source%3D{affiliate_id}-{affiliate_name}","https://www.keen.com/psychic-readings/readings-by-kelly777/6745718?tid=8QOUJYM6&partnereventid={transaction_id}&tune_offerid={offer_id}&utm_medium=affiliation_tune&utm_source={affiliate_id}-{affiliate_name}"
"Keen","keen-krys","https://bargestech.go2cloud.org/aff_c?offer_id=221&aff_id=2326&url=https%3A%2F%2Fwww.keen.com%2Ftarot-card-readings%2Fkrys-britton%2F10103909%3Ftid%3D8QOUJYM6%26partnereventid%3D{transaction_id}%26tune_offerid%3D{offer_id}%26utm_medium%3Daffiliation_tune%26utm_source%3D{affiliate_id}-{affiliate_name}","https://www.keen.com/tarot-card-readings/krys-britton/10103909?tid=8QOUJYM6&partnereventid={transaction_id}&tune_offerid={offer_id}&utm_medium=affiliation_tune&utm_source={affiliate_id}-{affiliate_name}"
"Keen","keen-ladyfontaine","https://bargestech.go2cloud.org/aff_c?offer_id=209&aff_id=2326&url=https%3A%2F%2Fwww.keen.com%2Fladyfontaine%3Ftid%3D8QOUJYM6%26partnereventid%3D{transaction_id}%26tune_offerid%3D{offer_id}%26utm_medium%3Daffiliation_tune%26utm_source%3D{affiliate_id}-{affiliate_name}","https://www.keen.com/ladyfontaine?tid=8QOUJYM6&partnereventid={transaction_id}&tune_offerid={offer_id}&utm_medium=affiliation_tune&utm_source={affiliate_id}-{affiliate_name}"
"Keen","keen-lady-india","https://bargestech.go2cloud.org/aff_c?offer_id=209&aff_id=2326&url=https%3A%2F%2Fwww.keen.com%2Flove-relationships%2Flady-india%2F3324823%3Ftid%3D8QOUJYM6%26partnereventid%3D{transaction_id}%26tune_offerid%3D{offer_id}%26utm_medium%3Daffiliation_tune%26utm_source%3D{affiliate_id}-{affiliate_name}","https://www.keen.com/love-relationships/lady-india/3324823?tid=8QOUJYM6&partnereventid={transaction_id}&tune_offerid={offer_id}&utm_medium=affiliation_tune&utm_source={affiliate_id}-{affiliate_name}"
"Keen","keen-lc","https://bargestech.go2cloud.org/aff_c?offer_id=221&aff_id=2326&url=https%3A%2F%2Fwww.keen.com%2Ftarot-card-readings%2Fintuitive-guidance-with-lc%2F10006543%3Ftid%3D8QOUJYM6%26partnereventid%3D{transaction_id}%26tune_offerid%3D{offer_id}%26utm_medium%3Daffiliation_tune%26utm_source%3D{affiliate_id}-{affiliate_name}","https://www.keen.com/tarot-card-readings/intuitive-guidance-with-lc/10006543?tid=8QOUJYM6&partnereventid={transaction_id}&tune_offerid={offer_id}&utm_medium=affiliation_tune&utm_source={affiliate_id}-{affiliate_name}"
"Keen","keen-lollie-ext-5555","https://bargestech.go2cloud.org/aff_c?offer_id=209&aff_id=2326&url=https%3A%2F%2Fwww.keen.com%2Flollie-ext-5555%3Ftid%3D8QOUJYM6%26partnereventid%3D{transaction_id}%26tune_offerid%3D{offer_id}%26utm_medium%3Daffiliation_tune%26utm_source%3D{affiliate_id}-{affiliate_name}","https://www.keen.com/lollie-ext-5555?tid=8QOUJYM6&partnereventid={transaction_id}&tune_offerid={offer_id}&utm_medium=affiliation_tune&utm_source={affiliate_id}-{affiliate_name}"
"Keen","keen-master-psychic-adam-stone","https://bargestech.go2cloud.org/aff_c?offer_id=209&aff_id=2326&url=https%3A%2F%2Fwww.keen.com%2Fpsychic-mediums%2Fmaster-psychic-adam-stone%2F11362802%3Ftid%3D8QOUJYM6%26partnereventid%3D{transaction_id}%26tune_offerid%3D{offer_id}%26utm_medium%3Daffiliation_tune%26utm_source%3D{affiliate_id}-{affiliate_name}","https://www.keen.com/psychic-mediums/master-psychic-adam-stone/11362802?tid=8QOUJYM6&partnereventid={transaction_id}&tune_offerid={offer_id}&utm_medium=affiliation_tune&utm_source={affiliate_id}-{affiliate_name}"
"Keen","keen-master-psychic-dev","https://bargestech.go2cloud.org/aff_c?offer_id=209&aff_id=2326&url=http%3A%2F%2Fwww.keen.com%2Flove-relationships%2Fmaster-psychic-dev%2F10669544%3Ftid%3D8QOUJYM6%26partnereventid%3D{transaction_id}%26tune_offerid%3D{offer_id}%26utm_medium%3Daffiliation_tune%26utm_source%3D{affiliate_id}-{affiliate_name}","http://www.keen.com/love-relationships/master-psychic-dev/10669544?tid=8QOUJYM6&partnereventid={transaction_id}&tune_offerid={offer_id}&utm_medium=affiliation_tune&utm_source={affiliate_id}-{affiliate_name}"
"Keen","keen-master-sher","https://bargestech.go2cloud.org/aff_c?offer_id=221&aff_id=2326&url=https%3A%2F%2Fwww.keen.com%2Fpsychic-readings%2Fmaster-sher%2F12468067%3Ftid%3D8QOUJYM6%26partnereventid%3D{transaction_id}%26tune_offerid%3D{offer_id}%26utm_medium%3Daffiliation_tune%26utm_source%3D{affiliate_id}-{affiliate_name}","https://www.keen.com/psychic-readings/master-sher/12468067?tid=8QOUJYM6&partnereventid={transaction_id}&tune_offerid={offer_id}&utm_medium=affiliation_tune&utm_source={affiliate_id}-{affiliate_name}"
"Keen","keen-meg","https://bargestech.go2cloud.org/aff_c?offer_id=221&aff_id=2326&url=https%3A%2F%2Fwww.keen.com%2Fpsychic-readings%2Ftarot-with-meg%2F12442685%3Ftid%3D8QOUJYM6%26partnereventid%3D{transaction_id}%26tune_offerid%3D{offer_id}%26utm_medium%3Daffiliation_tune%26utm_source%3D{affiliate_id}-{affiliate_name}","https://www.keen.com/psychic-readings/tarot-with-meg/12442685?tid=8QOUJYM6&partnereventid={transaction_id}&tune_offerid={offer_id}&utm_medium=affiliation_tune&utm_source={affiliate_id}-{affiliate_name}"
"Keen","keen-mike-pace","https://bargestech.go2cloud.org/aff_c?offer_id=209&aff_id=2326&url=https%3A%2F%2Fwww.keen.com%2Fpsychic-readings%2Fmike-pace%2F1107663%3Ftid%3D8QOUJYM6%26partnereventid%3D{transaction_id}%26tune_offerid%3D{offer_id}%26utm_medium%3Daffiliation_tune%26utm_source%3D{affiliate_id}-{affiliate_name}","https://www.keen.com/psychic-readings/mike-pace/1107663?tid=8QOUJYM6&partnereventid={transaction_id}&tune_offerid={offer_id}&utm_medium=affiliation_tune&utm_source={affiliate_id}-{affiliate_name}"
"Keen","keen-pheobe","https://bargestech.go2cloud.org/aff_c?offer_id=221&aff_id=2326&url=https%3A%2F%2Fwww.keen.com%2Fpsychic-readings%2Feye-of-pheobe%2F5238546%3Ftid%3D8QOUJYM6%26partnereventid%3D{transaction_id}%26tune_offerid%3D{offer_id}%26utm_medium%3Daffiliation_tune%26utm_source%3D{affiliate_id}-{affiliate_name}","https://www.keen.com/psychic-readings/eye-of-pheobe/5238546?tid=8QOUJYM6&partnereventid={transaction_id}&tune_offerid={offer_id}&utm_medium=affiliation_tune&utm_source={affiliate_id}-{affiliate_name}"
"Keen","keen-psychic-jane-just-knows","https://bargestech.go2cloud.org/aff_c?offer_id=209&aff_id=2326&url=https%3A%2F%2Fwww.keen.com%2Flove-relationships%2Fpsychic-jane-just-knows%2F6859792%3Ftid%3D8QOUJYM6%26partnereventid%3D{transaction_id}%26tune_offerid%3D{offer_id}%26utm_medium%3Daffiliation_tune%26utm_source%3D{affiliate_id}-{affiliate_name}","https://www.keen.com/love-relationships/psychic-jane-just-knows/6859792?tid=8QOUJYM6&partnereventid={transaction_id}&tune_offerid={offer_id}&utm_medium=affiliation_tune&utm_source={affiliate_id}-{affiliate_name}"
"Keen","keen-psychic-suzen","https://bargestech.go2cloud.org/aff_c?offer_id=221&aff_id=2326&url=https%3A%2F%2Fwww.keen.com%2Flife-path-advice%2Fpsychic-suzen%2F12453352%3Ftid%3D8QOUJYM6%26partnereventid%3D{transaction_id}%26tune_offerid%3D{offer_id}%26utm_medium%3Daffiliation_tune%26utm_source%3D{affiliate_id}-{affiliate_name}","https://www.keen.com/life-path-advice/psychic-suzen/12453352?tid=8QOUJYM6&partnereventid={transaction_id}&tune_offerid={offer_id}&utm_medium=affiliation_tune&utm_source={affiliate_id}-{affiliate_name}"
"Keen","keen-raj","https://bargestech.go2cloud.org/aff_c?offer_id=221&aff_id=2326","https://bargestech.go2cloud.org/aff_c?offer_id=221&aff_id=2326"
"Keen","keen-raymond","https://bargestech.go2cloud.org/aff_c?offer_id=221&aff_id=2326&url=https%3A%2F%2Fwww.keen.com%2Flove-relationships%2Fpsychicreader19622%2F6852516%3Ftid%3D8QOUJYM6%26partnereventid%3D{transaction_id}%26tune_offerid%3D{offer_id}%26utm_medium%3Daffiliation_tune%26utm_source%3D{affiliate_id}-{affiliate_name}","https://www.keen.com/love-relationships/psychicreader19622/6852516?tid=8QOUJYM6&partnereventid={transaction_id}&tune_offerid={offer_id}&utm_medium=affiliation_tune&utm_source={affiliate_id}-{affiliate_name}"
"Keen","keen-readings-by-kelly777","https://bargestech.go2cloud.org/aff_c?offer_id=221&aff_id=2326&url=https%3A%2F%2Fwww.keen.com%2Fpsychic-readings%2Freadings-by-kelly777%2F6745718%3Ftid%3D8QOUJYM6%26partnereventid%3D{transaction_id}%26tune_offerid%3D{offer_id}%26utm_medium%3Daffiliation_tune%26utm_source%3D{affiliate_id}-{affiliate_name}","https://www.keen.com/psychic-readings/readings-by-kelly777/6745718?tid=8QOUJYM6&partnereventid={transaction_id}&tune_offerid={offer_id}&utm_medium=affiliation_tune&utm_source={affiliate_id}-{affiliate_name}"
"Keen","keen-readings-by-ruth","https://bargestech.go2cloud.org/aff_c?offer_id=209&aff_id=2326&url=https%3A%2F%2Fwww.keen.com%2Fpsychic-readings%2Freadings-by-ruth%2F12445159%3Ftid%3D8QOUJYM6%26partnereventid%3D{transaction_id}%26tune_offerid%3D{offer_id}%26utm_medium%3Daffiliation_tune%26utm_source%3D{affiliate_id}-{affiliate_name}","https://www.keen.com/psychic-readings/readings-by-ruth/12445159?tid=8QOUJYM6&partnereventid={transaction_id}&tune_offerid={offer_id}&utm_medium=affiliation_tune&utm_source={affiliate_id}-{affiliate_name}"
"Keen","keen-regina","https://bargestech.go2cloud.org/aff_c?offer_id=221&aff_id=2326&url=https%3A%2F%2Fwww.keen.com%2Flove-relationships%2Fregina-jacks%2F11438416%3Ftid%3D8QOUJYM6%26partnereventid%3D{transaction_id}%26tune_offerid%3D{offer_id}%26utm_medium%3Daffiliation_tune%26utm_source%3D{affiliate_id}-{affiliate_name}","https://www.keen.com/love-relationships/regina-jacks/11438416?tid=8QOUJYM6&partnereventid={transaction_id}&tune_offerid={offer_id}&utm_medium=affiliation_tune&utm_source={affiliate_id}-{affiliate_name}"
"Keen","keen-regina-jacks","https://bargestech.go2cloud.org/aff_c?offer_id=221&aff_id=2326&url=https%3A%2F%2Fwww.keen.com%2Flove-relationships%2Fregina-jacks%2F11438416%3Ftid%3D8QOUJYM6%26partnereventid%3D{transaction_id}%26tune_offerid%3D{offer_id}%26utm_medium%3Daffiliation_tune%26utm_source%3D{affiliate_id}-{affiliate_name}","https://www.keen.com/love-relationships/regina-jacks/11438416?tid=8QOUJYM6&partnereventid={transaction_id}&tune_offerid={offer_id}&utm_medium=affiliation_tune&utm_source={affiliate_id}-{affiliate_name}"
"Keen","keen-serenity-stone","https://bargestech.go2cloud.org/aff_c?offer_id=209&aff_id=2326&url=https%3A%2F%2Fwww.keen.com%2Fpsychic-mediums%2Fserenity-stone%2F294696%3Ftid%3D8QOUJYM6%26partnereventid%3D{transaction_id}%26tune_offerid%3D{offer_id}%26utm_medium%3Daffiliation_tune%26utm_source%3D{affiliate_id}-{affiliate_name}","https://www.keen.com/psychic-mediums/serenity-stone/294696?tid=8QOUJYM6&partnereventid={transaction_id}&tune_offerid={offer_id}&utm_medium=affiliation_tune&utm_source={affiliate_id}-{affiliate_name}"
"Keen","keen-sophia","https://bargestech.go2cloud.org/aff_c?offer_id=221&aff_id=2326&url=https%3A%2F%2Fwww.keen.com%2Fpsychic-readings%2Fsophia-rose-light%2F12470163%3Ftid%3D8QOUJYM6%26partnereventid%3D{transaction_id}%26tune_offerid%3D{offer_id}%26utm_medium%3Daffiliation_tune%26utm_source%3D{affiliate_id}-{affiliate_name}","https://www.keen.com/psychic-readings/sophia-rose-light/12470163?tid=8QOUJYM6&partnereventid={transaction_id}&tune_offerid={offer_id}&utm_medium=affiliation_tune&utm_source={affiliate_id}-{affiliate_name}"
"Keen","keen-spirit-answers","https://bargestech.go2cloud.org/aff_c?offer_id=221&aff_id=2326&url=https%3A%2F%2Fwww.keen.com%2Flove-relationships%2Fspirit-answers%2F12449381%3Ftid%3D8QOUJYM6%26partnereventid%3D{transaction_id}%26tune_offerid%3D{offer_id}%26utm_medium%3Daffiliation_tune%26utm_source%3D{affiliate_id}-{affiliate_name}","https://www.keen.com/love-relationships/spirit-answers/12449381?tid=8QOUJYM6&partnereventid={transaction_id}&tune_offerid={offer_id}&utm_medium=affiliation_tune&utm_source={affiliate_id}-{affiliate_name}"
"Keen","keen-suzen","https://bargestech.go2cloud.org/aff_c?offer_id=221&aff_id=2326&url=https%3A%2F%2Fwww.keen.com%2Flife-path-advice%2Fpsychic-suzen%2F12453352%3Ftid%3D8QOUJYM6%26partnereventid%3D{transaction_id}%26tune_offerid%3D{offer_id}%26utm_medium%3Daffiliation_tune%26utm_source%3D{affiliate_id}-{affiliate_name}","https://www.keen.com/life-path-advice/psychic-suzen/12453352?tid=8QOUJYM6&partnereventid={transaction_id}&tune_offerid={offer_id}&utm_medium=affiliation_tune&utm_source={affiliate_id}-{affiliate_name}"
"Keen","keen-tammy-the-voice-reader","https://bargestech.go2cloud.org/aff_c?offer_id=209&aff_id=2326&url=https%3A%2F%2Fwww.keen.com%2Flove-relationships%2Fmistress-voice-reader%2F5177751%3Ftid%3D8QOUJYM6%26partnereventid%3D{transaction_id}%26tune_offerid%3D{offer_id}%26utm_medium%3Daffiliation_tune%26utm_source%3D{affiliate_id}-{affiliate_name}","https://www.keen.com/love-relationships/mistress-voice-reader/5177751?tid=8QOUJYM6&partnereventid={transaction_id}&tune_offerid={offer_id}&utm_medium=affiliation_tune&utm_source={affiliate_id}-{affiliate_name}"
"Keen","keen-that-magic-man","https://bargestech.go2cloud.org/aff_c?offer_id=209&aff_id=2326&url=https%3A%2F%2Fwww.keen.com%2Fpsychic-readings%2Fthat-magic-man%2F10739866%3Ftid%3D8QOUJYM6%26partnereventid%3D{transaction_id}%26tune_offerid%3D{offer_id}%26utm_medium%3Daffiliation_tune%26utm_source%3D{affiliate_id}-{affiliate_name}","https://www.keen.com/psychic-readings/that-magic-man/10739866?tid=8QOUJYM6&partnereventid={transaction_id}&tune_offerid={offer_id}&utm_medium=affiliation_tune&utm_source={affiliate_id}-{affiliate_name}"
"Keen","keen-the-psychic-one","https://bargestech.go2cloud.org/aff_c?offer_id=221&aff_id=2326&url=https%3A%2F%2Fwww.keen.com%2Fpsychic-readings%2Fthe-psychic-one%2F231725%3Ftid%3D8QOUJYM6%26partnereventid%3D{transaction_id}%26tune_offerid%3D{offer_id}%26utm_medium%3Daffiliation_tune%26utm_source%3D{affiliate_id}-{affiliate_name}","https://www.keen.com/psychic-readings/the-psychic-one/231725?tid=8QOUJYM6&partnereventid={transaction_id}&tune_offerid={offer_id}&utm_medium=affiliation_tune&utm_source={affiliate_id}-{affiliate_name}"
"Keen","keen-victoria","https://bargestech.go2cloud.org/aff_c?offer_id=221&aff_id=2326&url=https%3A%2F%2Fwww.keen.com%2Fpsychic-readings%2Flove-psychic-victoria-sands%2F5141310%3Ftid%3D8QOUJYM6%26partnereventid%3D{transaction_id}%26tune_offerid%3D{offer_id}%26utm_medium%3Daffiliation_tune%26utm_source%3D{affiliate_id}-{affiliate_name}","https://www.keen.com/psychic-readings/love-psychic-victoria-sands/5141310?tid=8QOUJYM6&partnereventid={transaction_id}&tune_offerid={offer_id}&utm_medium=affiliation_tune&utm_source={affiliate_id}-{affiliate_name}"
"Purple Garden","purple-garden-adam-africa","https://bargestech.go2cloud.org/aff_c?offer_id=30&aff_id=2326&url=https%3A%2F%2Fwww.purplegarden.co%2Fpsychics%2F5686-adam-africa%3Fclickid%3D{transaction_id}%26utm_content%3Dsubid2%26utm_medium%3Daffiliation_tune%26utm_source%3D{affiliate_id}-{affiliate_name}","https://www.purplegarden.co/psychics/5686-adam-africa?clickid={transaction_id}&utm_content=subid2&utm_medium=affiliation_tune&utm_source={affiliate_id}-{affiliate_name}"
"Purple Garden","purple-garden-advisor-vanessa","https://bargestech.go2cloud.org/aff_c?offer_id=30&aff_id=2326&url=https%3A%2F%2Fwww.purplegarden.co%2Fpsychics%2F1645-advisor-vanessa%3Fclickid%3D{transaction_id}%26utm_content%3Dsubid2%26utm_medium%3Daffiliation_tune%26utm_source%3D{affiliate_id}-{affiliate_name}","https://www.purplegarden.co/psychics/1645-advisor-vanessa?clickid={transaction_id}&utm_content=subid2&utm_medium=affiliation_tune&utm_source={affiliate_id}-{affiliate_name}"
"Purple Garden","purple-garden-aria","https://bargestech.go2cloud.org/aff_c?offer_id=30&aff_id=2326&url=https%3A%2F%2Fwww.purplegarden.co%2Fpsychics%2F2270-readings-by-aria%3Fclickid%3D{transaction_id}%26utm_content%3Dsubid2%26utm_medium%3Daffiliation_tune%26utm_source%3D{affiliate_id}-{affiliate_name}","https://www.purplegarden.co/psychics/2270-readings-by-aria?clickid={transaction_id}&utm_content=subid2&utm_medium=affiliation_tune&utm_source={affiliate_id}-{affiliate_name}"
"Purple Garden","purple-garden-athina-mystic","https://bargestech.go2cloud.org/aff_c?offer_id=30&aff_id=2326&url=https%3A%2F%2Fwww.purplegarden.co%2Fpsychics%2F10689-athina-mystic%3Fclickid%3D{transaction_id}%26utm_content%3Dsubid2%26utm_medium%3Daffiliation_tune%26utm_source%3D{affiliate_id}-{affiliate_name}","https://www.purplegarden.co/psychics/10689-athina-mystic?clickid={transaction_id}&utm_content=subid2&utm_medium=affiliation_tune&utm_source={affiliate_id}-{affiliate_name}"
"Purple Garden","purple-garden-ayla","https://bargestech.go2cloud.org/aff_c?offer_id=30&aff_id=2326&url=https%3A%2F%2Fwww.purplegarden.co%2Fpsychics%2F11861-ayla%3Fclickid%3D{transaction_id}%26utm_content%3Dsubid2%26utm_medium%3Daffiliation_tune%26utm_source%3D{affiliate_id}-{affiliate_name}","https://www.purplegarden.co/psychics/11861-ayla?clickid={transaction_id}&utm_content=subid2&utm_medium=affiliation_tune&utm_source={affiliate_id}-{affiliate_name}"
"Purple Garden","purple-garden-chloe","https://bargestech.go2cloud.org/aff_c?offer_id=30&aff_id=2326&url=https%3A%2F%2Fwww.purplegarden.co%2Fpsychics%2F1884-chloe-psychic-uk%3Fclickid%3D{transaction_id}%26utm_content%3Dsubid2%26utm_medium%3Daffiliation_tune%26utm_source%3D{affiliate_id}-{affiliate_name}","https://www.purplegarden.co/psychics/1884-chloe-psychic-uk?clickid={transaction_id}&utm_content=subid2&utm_medium=affiliation_tune&utm_source={affiliate_id}-{affiliate_name}"
"Purple Garden","purple-garden-elena","https://bargestech.go2cloud.org/aff_c?offer_id=30&aff_id=2326&url=https%3A%2F%2Fwww.purplegarden.co%2Fpsychics%2F11714-psychic-elena%3Fclickid%3D{transaction_id}%26utm_content%3Dsubid2%26utm_medium%3Daffiliation_tune%26utm_source%3D{affiliate_id}-{affiliate_name}","https://www.purplegarden.co/psychics/11714-psychic-elena?clickid={transaction_id}&utm_content=subid2&utm_medium=affiliation_tune&utm_source={affiliate_id}-{affiliate_name}"
"Purple Garden","purple-garden-fanny-dalfiume","https://bargestech.go2cloud.org/aff_c?offer_id=30&aff_id=2326&url=https%3A%2F%2Fwww.purplegarden.co%2Fpsychics%2F10632-fanny-dalfiume%3Fclickid%3D{transaction_id}%26utm_content%3Dsubid2%26utm_medium%3Daffiliation_tune%26utm_source%3D{affiliate_id}-{affiliate_name}","https://www.purplegarden.co/psychics/10632-fanny-dalfiume?clickid={transaction_id}&utm_content=subid2&utm_medium=affiliation_tune&utm_source={affiliate_id}-{affiliate_name}"
"Purple Garden","purple-garden-jackies-tea-tarot","https://bargestech.go2cloud.org/aff_c?offer_id=30&aff_id=2326&url=https%3A%2F%2Fwww.purplegarden.co%2Fpsychics%2F3129-jackies-tea-tarot%3Fclickid%3D{transaction_id}%26utm_content%3Dsubid2%26utm_medium%3Daffiliation_tune%26utm_source%3D{affiliate_id}-{affiliate_name}","https://www.purplegarden.co/psychics/3129-jackies-tea-tarot?clickid={transaction_id}&utm_content=subid2&utm_medium=affiliation_tune&utm_source={affiliate_id}-{affiliate_name}"
"Purple Garden","purple-garden-lejla-kristal","https://bargestech.go2cloud.org/aff_c?offer_id=30&aff_id=2326&url=https%3A%2F%2Fwww.purplegarden.co%2Fpsychics%2F6414-lejla-kristal%3Fclickid%3D{transaction_id}%26utm_content%3Dsubid2%26utm_medium%3Daffiliation_tune%26utm_source%3D{affiliate_id}-{affiliate_name}","https://www.purplegarden.co/psychics/6414-lejla-kristal?clickid={transaction_id}&utm_content=subid2&utm_medium=affiliation_tune&utm_source={affiliate_id}-{affiliate_name}"
"Purple Garden","purple-garden-marcus","https://bargestech.go2cloud.org/aff_c?offer_id=30&aff_id=2326&url=https%3A%2F%2Fwww.purplegarden.co%2Fpsychics%2F2146-marcus-andy%3Fclickid%3D{transaction_id}%26utm_content%3Dsubid2%26utm_medium%3Daffiliation_tune%26utm_source%3D{affiliate_id}-{affiliate_name}","https://www.purplegarden.co/psychics/2146-marcus-andy?clickid={transaction_id}&utm_content=subid2&utm_medium=affiliation_tune&utm_source={affiliate_id}-{affiliate_name}"
"Purple Garden","purple-garden-mystic-mark","https://bargestech.go2cloud.org/aff_c?offer_id=30&aff_id=2326&url=https%3A%2F%2Fwww.purplegarden.co%2Fpsychics%2F10497-mystic-mark%3Fclickid%3D{transaction_id}%26utm_content%3Dsubid2%26utm_medium%3Daffiliation_tune%26utm_source%3D{affiliate_id}-{affiliate_name}","https://www.purplegarden.co/psychics/10497-mystic-mark?clickid={transaction_id}&utm_content=subid2&utm_medium=affiliation_tune&utm_source={affiliate_id}-{affiliate_name}"
"Purple Garden","purple-garden-nick","https://bargestech.go2cloud.org/aff_c?offer_id=30&aff_id=2326&url=https%3A%2F%2Fwww.purplegarden.co%2Fpsychics%2F11738-nick%3Fclickid%3D{transaction_id}%26utm_content%3Dsubid2%26utm_medium%3Daffiliation_tune%26utm_source%3D{affiliate_id}-{affiliate_name}","https://www.purplegarden.co/psychics/11738-nick?clickid={transaction_id}&utm_content=subid2&utm_medium=affiliation_tune&utm_source={affiliate_id}-{affiliate_name}"
"Purple Garden","purple-garden-niki-medium","https://bargestech.go2cloud.org/aff_c?offer_id=30&aff_id=2326&url=https%3A%2F%2Fwww.purplegarden.co%2Fpsychics%2F4512-niki-medium%3Fclickid%3D{transaction_id}%26utm_content%3Dsubid2%26utm_medium%3Daffiliation_tune%26utm_source%3D{affiliate_id}-{affiliate_name}","https://www.purplegarden.co/psychics/4512-niki-medium?clickid={transaction_id}&utm_content=subid2&utm_medium=affiliation_tune&utm_source={affiliate_id}-{affiliate_name}"
"Purple Garden","purple-garden-nuwatarot","https://bargestech.go2cloud.org/aff_c?offer_id=30&aff_id=2326&url=https%3A%2F%2Fwww.purplegarden.co%2Fpsychics%2F14178-nuwatarot%3Fclickid%3D{transaction_id}%26utm_content%3Dsubid2%26utm_medium%3Daffiliation_tune%26utm_source%3D{affiliate_id}-{affiliate_name}","https://www.purplegarden.co/psychics/14178-nuwatarot?clickid={transaction_id}&utm_content=subid2&utm_medium=affiliation_tune&utm_source={affiliate_id}-{affiliate_name}"
"Purple Garden","purple-garden-plutoniandust","https://bargestech.go2cloud.org/aff_c?offer_id=30&aff_id=2326&url=https%3A%2F%2Fwww.purplegarden.co%2Fpsychics%2F8218-plutoniandust%3Fclickid%3D{transaction_id}%26utm_content%3Dsubid2%26utm_medium%3Daffiliation_tune%26utm_source%3D{affiliate_id}-{affiliate_name}","https://www.purplegarden.co/psychics/8218-plutoniandust?clickid={transaction_id}&utm_content=subid2&utm_medium=affiliation_tune&utm_source={affiliate_id}-{affiliate_name}"
"Purple Garden","purple-garden-psychic-jeanne","https://bargestech.go2cloud.org/aff_c?offer_id=30&aff_id=2326&url=https%3A%2F%2Fwww.purplegarden.co%2Fpsychics%2F1130-psychicjeanne%3Fclickid%3D{transaction_id}%26utm_content%3Dsubid2%26utm_medium%3Daffiliation_tune%26utm_source%3D{affiliate_id}-{affiliate_name}","https://www.purplegarden.co/psychics/1130-psychicjeanne?clickid={transaction_id}&utm_content=subid2&utm_medium=affiliation_tune&utm_source={affiliate_id}-{affiliate_name}"
"Purple Garden","purple-garden-psychic-shirla","https://bargestech.go2cloud.org/aff_c?offer_id=30&aff_id=2326&url=https%3A%2F%2Fwww.purplegarden.co%2Fpsychics%2F8406-psychic-shirla%3Fclickid%3D{transaction_id}%26utm_content%3Dsubid2%26utm_medium%3Daffiliation_tune%26utm_source%3D{affiliate_id}-{affiliate_name}","https://www.purplegarden.co/psychics/8406-psychic-shirla?clickid={transaction_id}&utm_content=subid2&utm_medium=affiliation_tune&utm_source={affiliate_id}-{affiliate_name}"
"Purple Garden","purple-garden-quantum-drew","https://bargestech.go2cloud.org/aff_c?offer_id=30&aff_id=2326&url=https%3A%2F%2Fwww.purplegarden.co%2Fpsychics%2F2876-quantumdrew%3Fclickid%3D{transaction_id}%26utm_content%3Dsubid2%26utm_medium%3Daffiliation_tune%26utm_source%3D{affiliate_id}-{affiliate_name}","https://www.purplegarden.co/psychics/2876-quantumdrew?clickid={transaction_id}&utm_content=subid2&utm_medium=affiliation_tune&utm_source={affiliate_id}-{affiliate_name}"
"Purple Garden","purple-garden-satie-readings","https://bargestech.go2cloud.org/aff_c?offer_id=30&aff_id=2326&url=https%3A%2F%2Fwww.purplegarden.co%2Fpsychics%2F9789-satie-readings%3Fclickid%3D{transaction_id}%26utm_content%3Dsubid2%26utm_medium%3Daffiliation_tune%26utm_source%3D{affiliate_id}-{affiliate_name}","https://www.purplegarden.co/psychics/9789-satie-readings?clickid={transaction_id}&utm_content=subid2&utm_medium=affiliation_tune&utm_source={affiliate_id}-{affiliate_name}"
"Purple Garden","purple-garden-serena","https://bargestech.go2cloud.org/aff_c?offer_id=30&aff_id=2326&url=https%3A%2F%2Fwww.purplegarden.co%2Fpsychics%2F12093-advisor-serena%3Fclickid%3D{transaction_id}%26utm_content%3Dsubid2%26utm_medium%3Daffiliation_tune%26utm_source%3D{affiliate_id}-{affiliate_name}","https://www.purplegarden.co/psychics/12093-advisor-serena?clickid={transaction_id}&utm_content=subid2&utm_medium=affiliation_tune&utm_source={affiliate_id}-{affiliate_name}"
"Purple Garden","purple-garden-tarot-withh-love","https://bargestech.go2cloud.org/aff_c?offer_id=30&aff_id=2326&url=https%3A%2F%2Fwww.purplegarden.co%2Fpsychics%2F6877-tarot-withh-love%3Fclickid%3D{transaction_id}%26utm_content%3Dsubid2%26utm_medium%3Daffiliation_tune%26utm_source%3D{affiliate_id}-{affiliate_name}","https://www.purplegarden.co/psychics/6877-tarot-withh-love?clickid={transaction_id}&utm_content=subid2&utm_medium=affiliation_tune&utm_source={affiliate_id}-{affiliate_name}"
"Purple Garden","purple-garden-truthful-love","https://bargestech.go2cloud.org/aff_c?offer_id=30&aff_id=2326&url=https%3A%2F%2Fwww.purplegarden.co%2Fpsychics%2F24002-truthful-love%3Fclickid%3D{transaction_id}%26utm_content%3Dsubid2%26utm_medium%3Daffiliation_tune%26utm_source%3D{affiliate_id}-{affiliate_name}","https://www.purplegarden.co/psychics/24002-truthful-love?clickid={transaction_id}&utm_content=subid2&utm_medium=affiliation_tune&utm_source={affiliate_id}-{affiliate_name}"
